id,type,file,size,source_url,license_as_stated,author,made_by,used_by,sha256_12
grass_top,block-texture,textures/blocks/grass_top.png,32x32,https://kenney.nl/assets/voxel-pack,Creative Commons CC0 (as stated on kenney.nl page and License.txt in zip),Kenney (kenney.nl),sourced-derived,kenney:grass_top,519dd40bea7d
dirt_grass,block-texture,textures/blocks/dirt_grass.png,32x32,https://kenney.nl/assets/voxel-pack,Creative Commons CC0 (as stated on kenney.nl page and License.txt in zip),Kenney (kenney.nl),sourced-derived,kenney:dirt_grass,3f5bae832929
dirt,block-texture,textures/blocks/dirt.png,32x32,https://kenney.nl/assets/voxel-pack,Creative Commons CC0 (as stated on kenney.nl page and License.txt in zip),Kenney (kenney.nl),sourced-derived,kenney:dirt,eb02aab86aa2
stone,block-texture,textures/blocks/stone.png,32x32,https://kenney.nl/assets/voxel-pack,Creative Commons CC0 (as stated on kenney.nl page and License.txt in zip),Kenney (kenney.nl),sourced-derived,kenney:stone,faf7f0412a55
greystone,block-texture,textures/blocks/greystone.png,32x32,https://kenney.nl/assets/voxel-pack,Creative Commons CC0 (as stated on kenney.nl page and License.txt in zip),Kenney (kenney.nl),sourced-derived,kenney:greystone,f55e9c587391
stone_coal,block-texture,textures/blocks/stone_coal.png,32x32,https://kenney.nl/assets/voxel-pack,Creative Commons CC0 (as stated on kenney.nl page and License.txt in zip),Kenney (kenney.nl),sourced-derived,kenney:stone_coal,4b7522986a92
sand,block-texture,textures/blocks/sand.png,32x32,https://kenney.nl/assets/voxel-pack,Creative Commons CC0 (as stated on kenney.nl page and License.txt in zip),Kenney (kenney.nl),sourced-derived,kenney:sand,6f649d6cab16
gravel_stone,block-texture,textures/blocks/gravel_stone.png,32x32,https://kenney.nl/assets/voxel-pack,Creative Commons CC0 (as stated on kenney.nl page and License.txt in zip),Kenney (kenney.nl),sourced-derived,kenney:gravel_stone,915ea0fb9605
brick_red,block-texture,textures/blocks/brick_red.png,32x32,https://kenney.nl/assets/voxel-pack,Creative Commons CC0 (as stated on kenney.nl page and License.txt in zip),Kenney (kenney.nl),sourced-derived,kenney:brick_red,71f8c91faae6
brick_grey,block-texture,textures/blocks/brick_grey.png,32x32,https://kenney.nl/assets/voxel-pack,Creative Commons CC0 (as stated on kenney.nl page and License.txt in zip),Kenney (kenney.nl),sourced-derived,kenney:brick_grey,d0ed4b879ace
wood,block-texture,textures/blocks/wood.png,32x32,https://kenney.nl/assets/voxel-pack,Creative Commons CC0 (as stated on kenney.nl page and License.txt in zip),Kenney (kenney.nl),sourced-derived,kenney:wood,10b7fd7d9a59
trunk_top,block-texture,textures/blocks/trunk_top.png,32x32,https://kenney.nl/assets/voxel-pack,Creative Commons CC0 (as stated on kenney.nl page and License.txt in zip),Kenney (kenney.nl),sourced-derived,kenney:trunk_top,083c9f62d614
trunk_side,block-texture,textures/blocks/trunk_side.png,32x32,https://kenney.nl/assets/voxel-pack,Creative Commons CC0 (as stated on kenney.nl page and License.txt in zip),Kenney (kenney.nl),sourced-derived,kenney:trunk_side,38dedaa9aa6d
leaves,block-texture,textures/blocks/leaves.png,32x32,https://kenney.nl/assets/voxel-pack,Creative Commons CC0 (as stated on kenney.nl page and License.txt in zip),Kenney (kenney.nl),sourced-derived,kenney:leaves_transparent,bd9d1395d280
cotton_blue,block-texture,textures/blocks/cotton_blue.png,32x32,https://kenney.nl/assets/voxel-pack,Creative Commons CC0 (as stated on kenney.nl page and License.txt in zip),Kenney (kenney.nl),sourced-derived,kenney:cotton_blue,7245115d0037
cotton_green,block-texture,textures/blocks/cotton_green.png,32x32,https://kenney.nl/assets/voxel-pack,Creative Commons CC0 (as stated on kenney.nl page and License.txt in zip),Kenney (kenney.nl),sourced-derived,kenney:cotton_green,623e2fcd4f00
cotton_red,block-texture,textures/blocks/cotton_red.png,32x32,https://kenney.nl/assets/voxel-pack,Creative Commons CC0 (as stated on kenney.nl page and License.txt in zip),Kenney (kenney.nl),sourced-derived,kenney:cotton_red,d7501cecf341
cotton_tan,block-texture,textures/blocks/cotton_tan.png,32x32,https://kenney.nl/assets/voxel-pack,Creative Commons CC0 (as stated on kenney.nl page and License.txt in zip),Kenney (kenney.nl),sourced-derived,kenney:cotton_tan,469a3997f3d4
snow,block-texture,textures/blocks/snow.png,32x32,https://kenney.nl/assets/voxel-pack,Creative Commons CC0 (as stated on kenney.nl page and License.txt in zip),Kenney (kenney.nl),sourced-derived,kenney:snow,eed3456d7a69
ice,block-texture,textures/blocks/ice.png,32x32,https://kenney.nl/assets/voxel-pack,Creative Commons CC0 (as stated on kenney.nl page and License.txt in zip),Kenney (kenney.nl),sourced-derived,kenney:ice,638aaeaea73d
redsand,block-texture,textures/blocks/redsand.png,32x32,https://kenney.nl/assets/voxel-pack,Creative Commons CC0 (as stated on kenney.nl page and License.txt in zip),Kenney (kenney.nl),sourced-derived,kenney:redsand,78c1d8295509
coreplate,block-texture,textures/blocks/coreplate.png,32x32,,Project-original (generated by tools/gen_pack.py; owner trebiluk); no third-party license,trebiluk project,generated,generated,2545624fc664
workbench_top,block-texture,textures/blocks/workbench_top.png,32x32,https://kenney.nl/assets/voxel-pack,Creative Commons CC0 (as stated on kenney.nl page and License.txt in zip) base + Project-original (generated by tools/gen_pack.py; owner trebiluk); no third-party license,Kenney (kenney.nl),sourced-derived,generated (on kenney:wood),8cccd0a7859e
workbench_side,block-texture,textures/blocks/workbench_side.png,32x32,https://kenney.nl/assets/voxel-pack,Creative Commons CC0 (as stated on kenney.nl page and License.txt in zip) base + Project-original (generated by tools/gen_pack.py; owner trebiluk); no third-party license,Kenney (kenney.nl),sourced-derived,generated (on kenney:wood),0c189428bfcd
oven_front,block-texture,textures/blocks/oven_front.png,32x32,,Project-original (generated by tools/gen_pack.py; owner trebiluk); no third-party license,trebiluk project,generated,generated,24f43a3f60a9
oven_side,block-texture,textures/blocks/oven_side.png,32x32,,Project-original (generated by tools/gen_pack.py; owner trebiluk); no third-party license,trebiluk project,generated,generated,66baac99522c
oven_top,block-texture,textures/blocks/oven_top.png,32x32,,Project-original (generated by tools/gen_pack.py; owner trebiluk); no third-party license,trebiluk project,generated,generated,e93b60b2b168
vend_front,block-texture,textures/blocks/vend_front.png,32x32,,Project-original (generated by tools/gen_pack.py; owner trebiluk); no third-party license,trebiluk project,generated,generated,fef0ac2f6642
machine_side,block-texture,textures/blocks/machine_side.png,32x32,,Project-original (generated by tools/gen_pack.py; owner trebiluk); no third-party license,trebiluk project,generated,generated,ffbcb94e4428
machine_top,block-texture,textures/blocks/machine_top.png,32x32,,Project-original (generated by tools/gen_pack.py; owner trebiluk); no third-party license,trebiluk project,generated,generated,e2cf07f41c11
store_front,block-texture,textures/blocks/store_front.png,32x32,https://kenney.nl/assets/voxel-pack,Creative Commons CC0 (as stated on kenney.nl page and License.txt in zip) base + Project-original (generated by tools/gen_pack.py; owner trebiluk); no third-party license,Kenney (kenney.nl),sourced-derived,generated (on kenney:wood),6269d7f3ad5f
store_top,block-texture,textures/blocks/store_top.png,32x32,https://kenney.nl/assets/voxel-pack,Creative Commons CC0 (as stated on kenney.nl page and License.txt in zip),Kenney (kenney.nl),sourced-derived,kenney:wood,10b7fd7d9a59
bunk_top,block-texture,textures/blocks/bunk_top.png,32x32,https://kenney.nl/assets/voxel-pack,Creative Commons CC0 (as stated on kenney.nl page and License.txt in zip) base + Project-original (generated by tools/gen_pack.py; owner trebiluk); no third-party license,Kenney (kenney.nl),sourced-derived,generated (on kenney:cotton_blue),c5d5edf7bb5e
bunk_side,block-texture,textures/blocks/bunk_side.png,32x32,https://kenney.nl/assets/voxel-pack,Creative Commons CC0 (as stated on kenney.nl page and License.txt in zip) base + Project-original (generated by tools/gen_pack.py; owner trebiluk); no third-party license,Kenney (kenney.nl),sourced-derived,generated (on kenney:wood),2141dba6cce6
box_front,block-texture,textures/blocks/box_front.png,32x32,https://kenney.nl/assets/voxel-pack,Creative Commons CC0 (as stated on kenney.nl page and License.txt in zip) base + Project-original (generated by tools/gen_pack.py; owner trebiluk); no third-party license,Kenney (kenney.nl),sourced-derived,generated (on kenney:wood),c5e6488ed20e
box_side,block-texture,textures/blocks/box_side.png,32x32,https://kenney.nl/assets/voxel-pack,Creative Commons CC0 (as stated on kenney.nl page and License.txt in zip) base + Project-original (generated by tools/gen_pack.py; owner trebiluk); no third-party license,Kenney (kenney.nl),sourced-derived,generated (on kenney:wood),cfed18a1576b
box_top,block-texture,textures/blocks/box_top.png,32x32,https://kenney.nl/assets/voxel-pack,Creative Commons CC0 (as stated on kenney.nl page and License.txt in zip) base + Project-original (generated by tools/gen_pack.py; owner trebiluk); no third-party license,Kenney (kenney.nl),sourced-derived,generated (on kenney:wood),5a033f5b55bc
smelter_front,block-texture,textures/blocks/smelter_front.png,32x32,https://kenney.nl/assets/voxel-pack,Creative Commons CC0 (as stated on kenney.nl page and License.txt in zip) base + Project-original (generated by tools/gen_pack.py; owner trebiluk); no third-party license,Kenney (kenney.nl),sourced-derived,generated (on kenney:brick_grey),a52f5446ed59
smelter_side,block-texture,textures/blocks/smelter_side.png,32x32,https://kenney.nl/assets/voxel-pack,Creative Commons CC0 (as stated on kenney.nl page and License.txt in zip),Kenney (kenney.nl),sourced-derived,kenney:brick_grey,d0ed4b879ace
smelter_top,block-texture,textures/blocks/smelter_top.png,32x32,https://kenney.nl/assets/voxel-pack,Creative Commons CC0 (as stated on kenney.nl page and License.txt in zip),Kenney (kenney.nl),sourced-derived,kenney:brick_grey,d0ed4b879ace
fabricator_front,block-texture,textures/blocks/fabricator_front.png,32x32,,Project-original (generated by tools/gen_pack.py; owner trebiluk); no third-party license,trebiluk project,generated,generated,7f1fb8aa272b
ore_iron,block-texture,textures/blocks/ore_iron.png,32x32,,Project-original (generated by tools/gen_pack.py; owner trebiluk); no third-party license,trebiluk project,generated,generated,50b9cb8cf77f
ore_copper,block-texture,textures/blocks/ore_copper.png,32x32,,Project-original (generated by tools/gen_pack.py; owner trebiluk); no third-party license,trebiluk project,generated,generated,9ae3d5459be3
ore_zinc,block-texture,textures/blocks/ore_zinc.png,32x32,,Project-original (generated by tools/gen_pack.py; owner trebiluk); no third-party license,trebiluk project,generated,generated,046e8ad58977
glow_moss,block-texture,textures/blocks/glow_moss.png,32x32,,Project-original (generated by tools/gen_pack.py; owner trebiluk); no third-party license,trebiluk project,generated,generated,d4a5f761d4d9
ore_tin,block-texture,textures/blocks/ore_tin.png,32x32,,Project-original (generated by tools/gen_pack.py; owner trebiluk); no third-party license,trebiluk project,generated,generated,feecf5f88236
ore_quartz,block-texture,textures/blocks/ore_quartz.png,32x32,,Project-original (generated by tools/gen_pack.py; owner trebiluk); no third-party license,trebiluk project,generated,generated,dceba2ff1920
sand_quartz,block-texture,textures/blocks/sand_quartz.png,32x32,,Project-original (generated by tools/gen_pack.py; owner trebiluk); no third-party license,trebiluk project,generated,generated,2722511b90e4
clay,block-texture,textures/blocks/clay.png,32x32,,Project-original (generated by tools/gen_pack.py; owner trebiluk); no third-party license,trebiluk project,generated,generated,faf586a755bb
clay_boundary,block-texture,textures/blocks/clay_boundary.png,32x32,,Project-original (generated by tools/gen_pack.py; owner trebiluk); no third-party license,trebiluk project,generated,generated,1cb85c94abf0
ore_silver,block-texture,textures/blocks/ore_silver.png,32x32,,Project-original (generated by tools/gen_pack.py; owner trebiluk); no third-party license,trebiluk project,generated,generated,1aa61c993baf
ore_gold,block-texture,textures/blocks/ore_gold.png,32x32,,Project-original (generated by tools/gen_pack.py; owner trebiluk); no third-party license,trebiluk project,generated,generated,6186417a35fb
ore_graphite,block-texture,textures/blocks/ore_graphite.png,32x32,,Project-original (generated by tools/gen_pack.py; owner trebiluk); no third-party license,trebiluk project,generated,generated,d24954c05b14
gravel_panned,block-texture,textures/blocks/gravel_panned.png,32x32,,Project-original (generated by tools/gen_pack.py; owner trebiluk); no third-party license,trebiluk project,generated,generated,43eba60d4502
salt_crust,block-texture,textures/blocks/salt_crust.png,32x32,,Project-original (generated by tools/gen_pack.py; owner trebiluk); no third-party license,trebiluk project,generated,generated,56ddd7f1c0fa
sand_black,block-texture,textures/blocks/sand_black.png,32x32,,Project-original (generated by tools/gen_pack.py; owner trebiluk); no third-party license,trebiluk project,generated,generated,a3ddb3e7b10e
bauxite,block-texture,textures/blocks/bauxite.png,32x32,,Project-original (generated by tools/gen_pack.py; owner trebiluk); no third-party license,trebiluk project,generated,generated,80335fdc2192
ore_ilmenite,block-texture,textures/blocks/ore_ilmenite.png,32x32,,Project-original (generated by tools/gen_pack.py; owner trebiluk); no third-party license,trebiluk project,generated,generated,01ec1b740a6e
ore_platinum,block-texture,textures/blocks/ore_platinum.png,32x32,,Project-original (generated by tools/gen_pack.py; owner trebiluk); no third-party license,trebiluk project,generated,generated,8b698614ca7f
basalt,block-texture,textures/blocks/basalt.png,32x32,,Project-original (generated by tools/gen_pack.py; owner trebiluk); no third-party license,trebiluk project,generated,generated,0155e4e10b28
dirt_snow,block-texture,textures/blocks/dirt_snow.png,32x32,https://kenney.nl/assets/voxel-pack,Creative Commons CC0 (as stated on kenney.nl page and License.txt in zip),Kenney (kenney.nl),sourced-derived,kenney:dirt_snow,ba4292261826
cabinet_front,block-texture,textures/blocks/cabinet_front.png,32x32,https://kenney.nl/assets/voxel-pack,Creative Commons CC0 (as stated on kenney.nl page and License.txt in zip) base + Project-original (generated by tools/gen_pack.py; owner trebiluk); no third-party license,Kenney (kenney.nl),sourced-derived,generated (on kenney:wood),6e02b68e5662
cabinet_glass_front,block-texture,textures/blocks/cabinet_glass_front.png,32x32,https://kenney.nl/assets/voxel-pack,Creative Commons CC0 (as stated on kenney.nl page and License.txt in zip) base + Project-original (generated by tools/gen_pack.py; owner trebiluk); no third-party license,Kenney (kenney.nl),sourced-derived,generated (on kenney:wood),db7b286736f3
locker_front,block-texture,textures/blocks/locker_front.png,32x32,,Project-original (generated by tools/gen_pack.py; owner trebiluk); no third-party license,trebiluk project,generated,generated,f0dc36d93448
locker_side,block-texture,textures/blocks/locker_side.png,32x32,,Project-original (generated by tools/gen_pack.py; owner trebiluk); no third-party license,trebiluk project,generated,generated,73efadb9a1f4
sorter_front,block-texture,textures/blocks/sorter_front.png,32x32,,Project-original (generated by tools/gen_pack.py; owner trebiluk); no third-party license,trebiluk project,generated,generated,6ce9339dc7c9
sorter_side,block-texture,textures/blocks/sorter_side.png,32x32,,Project-original (generated by tools/gen_pack.py; owner trebiluk); no third-party license,trebiluk project,generated,generated,a394f80189fa
core_front,block-texture,textures/blocks/core_front.png,32x32,,Project-original (generated by tools/gen_pack.py; owner trebiluk); no third-party license,trebiluk project,generated,generated,7c7c6fd90428
drivebay_front,block-texture,textures/blocks/drivebay_front.png,32x32,,Project-original (generated by tools/gen_pack.py; owner trebiluk); no third-party license,trebiluk project,generated,generated,aab3b1204ef6
terminal_front,block-texture,textures/blocks/terminal_front.png,32x32,,Project-original (generated by tools/gen_pack.py; owner trebiluk); no third-party license,trebiluk project,generated,generated,34432ff85022
batterybox_front,block-texture,textures/blocks/batterybox_front.png,32x32,,Project-original (generated by tools/gen_pack.py; owner trebiluk); no third-party license,trebiluk project,generated,generated,69acddb0aa03
bounce_top,block-texture,textures/blocks/bounce_top.png,32x32,,Project-original (generated by tools/gen_pack.py; owner trebiluk); no third-party license,trebiluk project,generated,generated,80789ea95d9d
bounce_side,block-texture,textures/blocks/bounce_side.png,32x32,,Project-original (generated by tools/gen_pack.py; owner trebiluk); no third-party license,trebiluk project,generated,generated,e17cb73d2136
disco_top,block-texture,textures/blocks/disco_top.png,32x32,,Project-original (generated by tools/gen_pack.py; owner trebiluk); no third-party license,trebiluk project,generated,generated,da03699d9836
note_top,block-texture,textures/blocks/note_top.png,32x32,https://kenney.nl/assets/voxel-pack,Creative Commons CC0 (as stated on kenney.nl page and License.txt in zip) base + Project-original (generated by tools/gen_pack.py; owner trebiluk); no third-party license,Kenney (kenney.nl),sourced-derived,generated (on kenney:wood_red),ebe213c68729
note_side,block-texture,textures/blocks/note_side.png,32x32,https://kenney.nl/assets/voxel-pack,Creative Commons CC0 (as stated on kenney.nl page and License.txt in zip) base + Project-original (generated by tools/gen_pack.py; owner trebiluk); no third-party license,Kenney (kenney.nl),sourced-derived,generated (on kenney:wood_red),ebe213c68729
jukebox_front,block-texture,textures/blocks/jukebox_front.png,32x32,,Project-original (generated by tools/gen_pack.py; owner trebiluk); no third-party license,trebiluk project,generated,generated,122753117138
jukebox_side,block-texture,textures/blocks/jukebox_side.png,32x32,,Project-original (generated by tools/gen_pack.py; owner trebiluk); no third-party license,trebiluk project,generated,generated,deeaa6fe4954
jukebox_top,block-texture,textures/blocks/jukebox_top.png,32x32,,Project-original (generated by tools/gen_pack.py; owner trebiluk); no third-party license,trebiluk project,generated,generated,6e30a6c06028
pumpkin_top,block-texture,textures/blocks/pumpkin_top.png,32x32,,Project-original (generated by tools/gen_pack.py; owner trebiluk); no third-party license,trebiluk project,generated,generated,3c893c2f2f63
pumpkin_side,block-texture,textures/blocks/pumpkin_side.png,32x32,,Project-original (generated by tools/gen_pack.py; owner trebiluk); no third-party license,trebiluk project,generated,generated,03f388ef7bc1
jack_front,block-texture,textures/blocks/jack_front.png,32x32,,Project-original (generated by tools/gen_pack.py; owner trebiluk); no third-party license,trebiluk project,generated,generated,c1a5fcdb658e
leaf_pile,block-texture,textures/blocks/leaf_pile.png,32x32,,Project-original (generated by tools/gen_pack.py; owner trebiluk); no third-party license,trebiluk project,generated,generated,eb4377fe3fbb
apple_crate_top,block-texture,textures/blocks/apple_crate_top.png,32x32,https://kenney.nl/assets/voxel-pack,Creative Commons CC0 (as stated on kenney.nl page and License.txt in zip) base + Project-original (generated by tools/gen_pack.py; owner trebiluk); no third-party license,Kenney (kenney.nl),sourced-derived,generated (on kenney:wood),38f3dfee6a56
apple_crate_side,block-texture,textures/blocks/apple_crate_side.png,32x32,https://kenney.nl/assets/voxel-pack,Creative Commons CC0 (as stated on kenney.nl page and License.txt in zip) base + Project-original (generated by tools/gen_pack.py; owner trebiluk); no third-party license,Kenney (kenney.nl),sourced-derived,generated (on kenney:wood),b5f2de6a708b
tile_skull_pattern,block-texture,textures/blocks/tile_skull_pattern.png,32x32,,Project-original (generated by tools/gen_pack.py; owner trebiluk); no third-party license,trebiluk project,generated,generated,e87f77579d49
tile_rangoli,block-texture,textures/blocks/tile_rangoli.png,32x32,,Project-original (generated by tools/gen_pack.py; owner trebiluk); no third-party license,trebiluk project,generated,generated,31f6f1e2e9d1
labbench_top,block-texture,textures/blocks/labbench_top.png,32x32,https://kenney.nl/assets/voxel-pack,Creative Commons CC0 (as stated on kenney.nl page and License.txt in zip) base + Project-original (generated by tools/gen_pack.py; owner trebiluk); no third-party license,Kenney (kenney.nl),sourced-derived,generated (on kenney:wood),b0e63716bc5f
labbench_side,block-texture,textures/blocks/labbench_side.png,32x32,https://kenney.nl/assets/voxel-pack,Creative Commons CC0 (as stated on kenney.nl page and License.txt in zip) base + Project-original (generated by tools/gen_pack.py; owner trebiluk); no third-party license,Kenney (kenney.nl),sourced-derived,generated (on kenney:wood),9b1006c19c1c
drafting_top,block-texture,textures/blocks/drafting_top.png,32x32,https://kenney.nl/assets/voxel-pack,Creative Commons CC0 (as stated on kenney.nl page and License.txt in zip) base + Project-original (generated by tools/gen_pack.py; owner trebiluk); no third-party license,Kenney (kenney.nl),sourced-derived,generated (on kenney:wood),6f68f6857f34
cleanbench_front,block-texture,textures/blocks/cleanbench_front.png,32x32,,Project-original (generated by tools/gen_pack.py; owner trebiluk); no third-party license,trebiluk project,generated,generated,5e885247c1a7
copper_block,block-texture,textures/blocks/copper_block.png,32x32,,Project-original (generated by tools/gen_pack.py; owner trebiluk); no third-party license,trebiluk project,generated,generated,7e300c259521
steel_block,block-texture,textures/blocks/steel_block.png,32x32,,Project-original (generated by tools/gen_pack.py; owner trebiluk); no third-party license,trebiluk project,generated,generated,c704ff9d9a38
bamboo_top,block-texture,textures/blocks/bamboo_top.png,32x32,,Project-original (generated by tools/gen_pack.py; owner trebiluk); no third-party license,trebiluk project,generated,generated,4ae83c42f8f4
bamboo_side,block-texture,textures/blocks/bamboo_side.png,32x32,,Project-original (generated by tools/gen_pack.py; owner trebiluk); no third-party license,trebiluk project,generated,generated,895096776b03
plywood,block-texture,textures/blocks/plywood.png,32x32,,Project-original (generated by tools/gen_pack.py; owner trebiluk); no third-party license,trebiluk project,generated,generated,da22ffba60eb
cut_stone,block-texture,textures/blocks/cut_stone.png,32x32,,Project-original (generated by tools/gen_pack.py; owner trebiluk); no third-party license,trebiluk project,generated,generated,45ac49166f7d
cinder_top,block-texture,textures/blocks/cinder_top.png,32x32,,Project-original (generated by tools/gen_pack.py; owner trebiluk); no third-party license,trebiluk project,generated,generated,1c1f68554697
cinder_side,block-texture,textures/blocks/cinder_side.png,32x32,,Project-original (generated by tools/gen_pack.py; owner trebiluk); no third-party license,trebiluk project,generated,generated,123bb3a71084
concrete,block-texture,textures/blocks/concrete.png,32x32,,Project-original (generated by tools/gen_pack.py; owner trebiluk); no third-party license,trebiluk project,generated,generated,ad31152d5a25
roof_tile,block-texture,textures/blocks/roof_tile.png,32x32,,Project-original (generated by tools/gen_pack.py; owner trebiluk); no third-party license,trebiluk project,generated,generated,87faf8eee048
overflow_front,block-texture,textures/blocks/overflow_front.png,32x32,https://kenney.nl/assets/voxel-pack,Creative Commons CC0 (as stated on kenney.nl page and License.txt in zip) base + Project-original (generated by tools/gen_pack.py; owner trebiluk); no third-party license,Kenney (kenney.nl),sourced-derived,generated (on kenney:wood),a9c34ad9fd0c
granite,block-texture,textures/blocks/granite.png,32x32,,Project-original (generated by tools/gen_pack.py; owner trebiluk); no third-party license,trebiluk project,generated,generated,17571bfcc628
red_soil,block-texture,textures/blocks/red_soil.png,32x32,,Project-original (generated by tools/gen_pack.py; owner trebiluk); no third-party license,trebiluk project,generated,generated,51a4c8ce7d7d
trunk_white_top,block-texture,textures/blocks/trunk_white_top.png,32x32,https://kenney.nl/assets/voxel-pack,Creative Commons CC0 (as stated on kenney.nl page and License.txt in zip),Kenney (kenney.nl),sourced-derived,kenney:trunk_white_top,39288c3ccf75
trunk_white_side,block-texture,textures/blocks/trunk_white_side.png,32x32,https://kenney.nl/assets/voxel-pack,Creative Commons CC0 (as stated on kenney.nl page and License.txt in zip),Kenney (kenney.nl),sourced-derived,kenney:trunk_white_side,069ab006e3b6
trunk_spruce_top,block-texture,textures/blocks/trunk_spruce_top.png,32x32,https://kenney.nl/assets/voxel-pack,Creative Commons CC0 (as stated on kenney.nl page and License.txt in zip),Kenney (kenney.nl),sourced-derived,kenney:trunk_top (recoloured),42ded56130b1
trunk_spruce_side,block-texture,textures/blocks/trunk_spruce_side.png,32x32,https://kenney.nl/assets/voxel-pack,Creative Commons CC0 (as stated on kenney.nl page and License.txt in zip),Kenney (kenney.nl),sourced-derived,kenney:trunk_side (recoloured),d0cd4173cefc
hay_top,block-texture,textures/blocks/hay_top.png,32x32,,Project-original (generated by tools/gen_pack.py; owner trebiluk); no third-party license,trebiluk project,generated,generated,848464665dbe
hay_side,block-texture,textures/blocks/hay_side.png,32x32,,Project-original (generated by tools/gen_pack.py; owner trebiluk); no third-party license,trebiluk project,generated,generated,71341ce948dc
carved_front_blank,block-texture,textures/blocks/carved_front_blank.png,32x32,,Project-original (generated by tools/gen_pack.py; owner trebiluk); no third-party license,trebiluk project,generated,generated,e76c4f8099e8
gift_top,block-texture,textures/blocks/gift_top.png,32x32,,Project-original (generated by tools/gen_pack.py; owner trebiluk); no third-party license,trebiluk project,generated,generated,982bf7f71a6b
gift_side,block-texture,textures/blocks/gift_side.png,32x32,,Project-original (generated by tools/gen_pack.py; owner trebiluk); no third-party license,trebiluk project,generated,generated,fe886f3c815a
tile_ornament,block-texture,textures/blocks/tile_ornament.png,32x32,,Project-original (generated by tools/gen_pack.py; owner trebiluk); no third-party license,trebiluk project,generated,generated,9d8255335951
stripe_red,block-texture,textures/blocks/stripe_red.png,32x32,,Project-original (generated by tools/gen_pack.py; owner trebiluk); no third-party license,trebiluk project,generated,generated,0e4bd6d56d15
leaves,block-texture,textures/blocks/leaves.png,32x32,https://kenney.nl/assets/voxel-pack,Creative Commons CC0 (as stated on kenney.nl page and License.txt in zip),Kenney (kenney.nl),sourced-derived,kenney:leaves_transparent,bd9d1395d280
glass,block-texture,textures/blocks/glass.png,32x32,https://kenney.nl/assets/voxel-pack,Creative Commons CC0 (as stated on kenney.nl page and License.txt in zip),Kenney (kenney.nl),sourced-derived,kenney:glass_frame,590eb26a8adc
wheat_stage4,block-texture,textures/blocks/wheat_stage4.png,32x32,https://kenney.nl/assets/voxel-pack,Creative Commons CC0 (as stated on kenney.nl page and License.txt in zip),Kenney (kenney.nl),sourced-derived,kenney:wheat_stage4,50613bf183dd
reed,block-texture,textures/blocks/reed.png,32x32,,Project-original (generated by tools/gen_pack.py; owner trebiluk); no third-party license,trebiluk project,generated,generated,aac5706b0540
door_wood_top,block-texture,textures/blocks/door_wood_top.png,32x32,,Project-original (generated by tools/gen_pack.py; owner trebiluk); no third-party license,trebiluk project,generated,generated,8342f34105b3
door_wood_bottom,block-texture,textures/blocks/door_wood_bottom.png,32x32,,Project-original (generated by tools/gen_pack.py; owner trebiluk); no third-party license,trebiluk project,generated,generated,4313a5871a1a
door_glass_top,block-texture,textures/blocks/door_glass_top.png,32x32,,Project-original (generated by tools/gen_pack.py; owner trebiluk); no third-party license,trebiluk project,generated,generated,90fef22006f1
door_glass_bottom,block-texture,textures/blocks/door_glass_bottom.png,32x32,,Project-original (generated by tools/gen_pack.py; owner trebiluk); no third-party license,trebiluk project,generated,generated,cb1810f4b5eb
door_metal_top,block-texture,textures/blocks/door_metal_top.png,32x32,,Project-original (generated by tools/gen_pack.py; owner trebiluk); no third-party license,trebiluk project,generated,generated,6e62ec61b457
door_metal_bottom,block-texture,textures/blocks/door_metal_bottom.png,32x32,,Project-original (generated by tools/gen_pack.py; owner trebiluk); no third-party license,trebiluk project,generated,generated,131b23314ee1
door_slide_top,block-texture,textures/blocks/door_slide_top.png,32x32,,Project-original (generated by tools/gen_pack.py; owner trebiluk); no third-party license,trebiluk project,generated,generated,91c86521aa5a
door_slide_bottom,block-texture,textures/blocks/door_slide_bottom.png,32x32,,Project-original (generated by tools/gen_pack.py; owner trebiluk); no third-party license,trebiluk project,generated,generated,170d31d63d58
corn_bush,block-texture,textures/blocks/corn_bush.png,32x32,,Project-original (generated by tools/gen_pack.py; owner trebiluk); no third-party license,trebiluk project,generated,generated,52d47ac7bdf4
solar_top,block-texture,textures/blocks/solar_top.png,32x32,,Project-original (generated by tools/gen_pack.py; owner trebiluk); no third-party license,trebiluk project,generated,generated,7407bf90d1d0
machine_side,block-texture,textures/blocks/machine_side.png,32x32,,Project-original (generated by tools/gen_pack.py; owner trebiluk); no third-party license,trebiluk project,generated,generated,ffbcb94e4428
glow_strip,block-texture,textures/blocks/glow_strip.png,32x32,,Project-original (generated by tools/gen_pack.py; owner trebiluk); no third-party license,trebiluk project,generated,generated,e925a94ccfc8
wire_copper,block-texture,textures/blocks/wire_copper.png,32x32,,Project-original (generated by tools/gen_pack.py; owner trebiluk); no third-party license,trebiluk project,generated,generated,4a11a0bd4863
water,block-texture,textures/blocks/water.png,32x32,https://kenney.nl/assets/voxel-pack,Creative Commons CC0 (as stated on kenney.nl page and License.txt in zip),Kenney (kenney.nl),sourced-derived,kenney:water,f1ca220376b2
molten,block-texture,textures/blocks/molten.png,32x32,,Project-original (generated by tools/gen_pack.py; owner trebiluk); no third-party license,trebiluk project,generated,generated,42e775e996c1
cotton_bush,block-texture,textures/blocks/cotton_bush.png,32x32,,Project-original (generated by tools/gen_pack.py; owner trebiluk); no third-party license,trebiluk project,generated,generated,3540b692bd56
flower_teal,block-texture,textures/blocks/flower_teal.png,32x32,,Project-original (generated by tools/gen_pack.py; owner trebiluk); no third-party license,trebiluk project,generated,generated,043a5011bd64
corn_stalks,block-texture,textures/blocks/corn_stalks.png,32x32,,Project-original (generated by tools/gen_pack.py; owner trebiluk); no third-party license,trebiluk project,generated,generated,a4c1c9d58254
cobweb,block-texture,textures/blocks/cobweb.png,32x32,,Project-original (generated by tools/gen_pack.py; owner trebiluk); no third-party license,trebiluk project,generated,generated,8e7e55585401
marigold,block-texture,textures/blocks/marigold.png,32x32,,Project-original (generated by tools/gen_pack.py; owner trebiluk); no third-party license,trebiluk project,generated,generated,b64d9813821a
papel_picado,block-texture,textures/blocks/papel_picado.png,32x32,,Project-original (generated by tools/gen_pack.py; owner trebiluk); no third-party license,trebiluk project,generated,generated,0cef612e728c
string_lights,block-texture,textures/blocks/string_lights.png,32x32,,Project-original (generated by tools/gen_pack.py; owner trebiluk); no third-party license,trebiluk project,generated,generated,2b6504784b48
door_workshop_top,block-texture,textures/blocks/door_workshop_top.png,32x32,,Project-original (generated by tools/gen_pack.py; owner trebiluk); no third-party license,trebiluk project,generated,generated,1d6c1d4e5b33
door_workshop_bottom,block-texture,textures/blocks/door_workshop_bottom.png,32x32,,Project-original (generated by tools/gen_pack.py; owner trebiluk); no third-party license,trebiluk project,generated,generated,0d61ffcbe95f
mirror,block-texture,textures/blocks/mirror.png,32x32,,Project-original (generated by tools/gen_pack.py; owner trebiluk); no third-party license,trebiluk project,generated,generated,fc4fd20203c2
glass_tinted,block-texture,textures/blocks/glass_tinted.png,32x32,https://kenney.nl/assets/voxel-pack,Creative Commons CC0 (as stated on kenney.nl page and License.txt in zip),Kenney (kenney.nl),sourced-derived,kenney:glass_frame (tinted),942704364eea
glass_frosted,block-texture,textures/blocks/glass_frosted.png,32x32,https://kenney.nl/assets/voxel-pack,Creative Commons CC0 (as stated on kenney.nl page and License.txt in zip),Kenney (kenney.nl),sourced-derived,kenney:glass_frame (frosted),d2cd6751a55d
glass_pane,block-texture,textures/blocks/glass_pane.png,32x32,https://kenney.nl/assets/voxel-pack,Creative Commons CC0 (as stated on kenney.nl page and License.txt in zip),Kenney (kenney.nl),sourced-derived,kenney:glass_frame,590eb26a8adc
quartz_cluster,block-texture,textures/blocks/quartz_cluster.png,32x32,,Project-original (generated by tools/gen_pack.py; owner trebiluk); no third-party license,trebiluk project,generated,generated,55039dadb3fe
bronze_plaque,block-texture,textures/blocks/bronze_plaque.png,32x32,,Project-original (generated by tools/gen_pack.py; owner trebiluk); no third-party license,trebiluk project,generated,generated,4f1579bd485d
leaves_birch,block-texture,textures/blocks/leaves_birch.png,32x32,https://kenney.nl/assets/voxel-pack,Creative Commons CC0 (as stated on kenney.nl page and License.txt in zip),Kenney (kenney.nl),sourced-derived,kenney:leaves_transparent (recoloured),1212adee60e3
leaves_spruce,block-texture,textures/blocks/leaves_spruce.png,32x32,https://kenney.nl/assets/voxel-pack,Creative Commons CC0 (as stated on kenney.nl page and License.txt in zip),Kenney (kenney.nl),sourced-derived,kenney:leaves_transparent (recoloured),b186de655975
flower_pink,block-texture,textures/blocks/flower_pink.png,32x32,,Project-original (generated by tools/gen_pack.py; owner trebiluk); no third-party license,trebiluk project,generated,generated,d5833d2b3cc7
flower_yellow,block-texture,textures/blocks/flower_yellow.png,32x32,,Project-original (generated by tools/gen_pack.py; owner trebiluk); no third-party license,trebiluk project,generated,generated,1aaa572ee23b
gourds,block-texture,textures/blocks/gourds.png,32x32,,Project-original (generated by tools/gen_pack.py; owner trebiluk); no third-party license,trebiluk project,generated,generated,e3c114e1608e
bats_deco,block-texture,textures/blocks/bats_deco.png,32x32,,Project-original (generated by tools/gen_pack.py; owner trebiluk); no third-party license,trebiluk project,generated,generated,1f685df3a641
winter_lights,block-texture,textures/blocks/winter_lights.png,32x32,,Project-original (generated by tools/gen_pack.py; owner trebiluk); no third-party license,trebiluk project,generated,generated,86a806a5f2ef
wreath,block-texture,textures/blocks/wreath.png,32x32,,Project-original (generated by tools/gen_pack.py; owner trebiluk); no third-party license,trebiluk project,generated,generated,fb72ab7996af
wheat_stage1,block-texture,textures/blocks/wheat_stage1.png,32x32,https://kenney.nl/assets/voxel-pack,Creative Commons CC0 (as stated on kenney.nl page and License.txt in zip),Kenney (kenney.nl),sourced-derived,kenney:wheat_stage1,846cb0219d5b
wheat_stage2,block-texture,textures/blocks/wheat_stage2.png,32x32,https://kenney.nl/assets/voxel-pack,Creative Commons CC0 (as stated on kenney.nl page and License.txt in zip),Kenney (kenney.nl),sourced-derived,kenney:wheat_stage2,aab262760f05
wheat_stage3,block-texture,textures/blocks/wheat_stage3.png,32x32,https://kenney.nl/assets/voxel-pack,Creative Commons CC0 (as stated on kenney.nl page and License.txt in zip),Kenney (kenney.nl),sourced-derived,kenney:wheat_stage3,42019f369007
woodTool,item-icon,textures/items/woodTool.png,32x32,,Project-original (generated by tools/gen_pack.py; owner trebiluk); no third-party license,trebiluk project,generated,live,9d9452e963e5
stoneTool,item-icon,textures/items/stoneTool.png,32x32,,Project-original (generated by tools/gen_pack.py; owner trebiluk); no third-party license,trebiluk project,generated,live,38133c9e3892
copperPick,item-icon,textures/items/copperPick.png,32x32,,Project-original (generated by tools/gen_pack.py; owner trebiluk); no third-party license,trebiluk project,generated,basics-1,5e9b919fdc84
steelPick,item-icon,textures/items/steelPick.png,32x32,,Project-original (generated by tools/gen_pack.py; owner trebiluk); no third-party license,trebiluk project,generated,basics-1,a03ac4e75744
stick,item-icon,textures/items/stick.png,32x32,,Project-original (generated by tools/gen_pack.py; owner trebiluk); no third-party license,trebiluk project,generated,basics-1,96368e3d4590
pan,item-icon,textures/items/pan.png,32x32,,Project-original (generated by tools/gen_pack.py; owner trebiluk); no third-party license,trebiluk project,generated,world-1,812aacabfa16
bucket,item-icon,textures/items/bucket.png,32x32,,Project-original (generated by tools/gen_pack.py; owner trebiluk); no third-party license,trebiluk project,generated,world-1,97439f3761b4
waterBucket,item-icon,textures/items/waterBucket.png,32x32,,Project-original (generated by tools/gen_pack.py; owner trebiluk); no third-party license,trebiluk project,generated,world-1,f21eb788374a
berry,item-icon,textures/items/berry.png,32x32,,Project-original (generated by tools/gen_pack.py; owner trebiluk); no third-party license,trebiluk project,generated,live,427dac54e327
flour,item-icon,textures/items/flour.png,32x32,,Project-original (generated by tools/gen_pack.py; owner trebiluk); no third-party license,trebiluk project,generated,live,bce409325e56
sugar,item-icon,textures/items/sugar.png,32x32,,Project-original (generated by tools/gen_pack.py; owner trebiluk); no third-party license,trebiluk project,generated,live,06a961de66be
cupcake,item-icon,textures/items/cupcake.png,32x32,,Project-original (generated by tools/gen_pack.py; owner trebiluk); no third-party license,trebiluk project,generated,live,a6abf4e61732
bread,item-icon,textures/items/bread.png,32x32,,Project-original (generated by tools/gen_pack.py; owner trebiluk); no third-party license,trebiluk project,generated,live,1fde41531fcb
paintDab,item-icon,textures/items/paintDab.png,32x32,,Project-original (generated by tools/gen_pack.py; owner trebiluk); no third-party license,trebiluk project,generated,basics-2,8993bb8b077f
corn,item-icon,textures/items/corn.png,32x32,,Project-original (generated by tools/gen_pack.py; owner trebiluk); no third-party license,trebiluk project,generated,basics-2,b6f762d8ef6a
cornSeed,item-icon,textures/items/cornSeed.png,32x32,,Project-original (generated by tools/gen_pack.py; owner trebiluk); no third-party license,trebiluk project,generated,basics-2,9beac3bb4f32
bioplastic,item-icon,textures/items/bioplastic.png,32x32,,Project-original (generated by tools/gen_pack.py; owner trebiluk); no third-party license,trebiluk project,generated,basics-2,db1a196070bf
plasticTube,item-icon,textures/items/plasticTube.png,32x32,,Project-original (generated by tools/gen_pack.py; owner trebiluk); no third-party license,trebiluk project,generated,basics-2,faf1c4cce31e
glowMix,item-icon,textures/items/glowMix.png,32x32,,Project-original (generated by tools/gen_pack.py; owner trebiluk); no third-party license,trebiluk project,generated,basics-2,a2db6e1477e9
boosterDye,item-icon,textures/items/boosterDye.png,32x32,,Project-original (generated by tools/gen_pack.py; owner trebiluk); no third-party license,trebiluk project,generated,basics-2,7faf02e76344
glassVial,item-icon,textures/items/glassVial.png,32x32,,Project-original (generated by tools/gen_pack.py; owner trebiluk); no third-party license,trebiluk project,generated,basics-1,48e48e8acca4
rawCopper,item-icon,textures/items/rawCopper.png,32x32,,Project-original (generated by tools/gen_pack.py; owner trebiluk); no third-party license,trebiluk project,generated,world-1,9e6a9ddc0958
copperDust,item-icon,textures/items/copperDust.png,32x32,,Project-original (generated by tools/gen_pack.py; owner trebiluk); no third-party license,trebiluk project,generated,basics-2,0b6291d2e697
copperIngot,item-icon,textures/items/copperIngot.png,32x32,,Project-original (generated by tools/gen_pack.py; owner trebiluk); no third-party license,trebiluk project,generated,basics-1,ff4de292540c
copperWire,item-icon,textures/items/copperWire.png,32x32,,Project-original (generated by tools/gen_pack.py; owner trebiluk); no third-party license,trebiluk project,generated,basics-1,d97d5d094685
ironIngot,item-icon,textures/items/ironIngot.png,32x32,,Project-original (generated by tools/gen_pack.py; owner trebiluk); no third-party license,trebiluk project,generated,basics-1,065b6be73056
steel,item-icon,textures/items/steel.png,32x32,,Project-original (generated by tools/gen_pack.py; owner trebiluk); no third-party license,trebiluk project,generated,basics-1,eeb0b3f2d33f
zincIngot,item-icon,textures/items/zincIngot.png,32x32,,Project-original (generated by tools/gen_pack.py; owner trebiluk); no third-party license,trebiluk project,generated,basics-1,1b8987f6099a
tinIngot,item-icon,textures/items/tinIngot.png,32x32,,Project-original (generated by tools/gen_pack.py; owner trebiluk); no third-party license,trebiluk project,generated,world-1,a6ac2fb308c5
bronzeIngot,item-icon,textures/items/bronzeIngot.png,32x32,,Project-original (generated by tools/gen_pack.py; owner trebiluk); no third-party license,trebiluk project,generated,world-1,e00c66d0d2da
silverIngot,item-icon,textures/items/silverIngot.png,32x32,,Project-original (generated by tools/gen_pack.py; owner trebiluk); no third-party license,trebiluk project,generated,world-1,5e3d530d93bf
goldFlake,item-icon,textures/items/goldFlake.png,32x32,,Project-original (generated by tools/gen_pack.py; owner trebiluk); no third-party license,trebiluk project,generated,world-1,e61aea2574b9
goldNugget,item-icon,textures/items/goldNugget.png,32x32,,Project-original (generated by tools/gen_pack.py; owner trebiluk); no third-party license,trebiluk project,generated,world-1,da99f45df66d
goldIngot,item-icon,textures/items/goldIngot.png,32x32,,Project-original (generated by tools/gen_pack.py; owner trebiluk); no third-party license,trebiluk project,generated,world-1,cbbed4e6dffa
goldLeaf,item-icon,textures/items/goldLeaf.png,32x32,,Project-original (generated by tools/gen_pack.py; owner trebiluk); no third-party license,trebiluk project,generated,world-1,f64ce642a650
quartz,item-icon,textures/items/quartz.png,32x32,,Project-original (generated by tools/gen_pack.py; owner trebiluk); no third-party license,trebiluk project,generated,world-1,67c7f87318d2
silicon,item-icon,textures/items/silicon.png,32x32,,Project-original (generated by tools/gen_pack.py; owner trebiluk); no third-party license,trebiluk project,generated,basics-3,209632f43ce0
logicChip,item-icon,textures/items/logicChip.png,32x32,,Project-original (generated by tools/gen_pack.py; owner trebiluk); no third-party license,trebiluk project,generated,basics-3,c6a94946ad8f
batteryCell,item-icon,textures/items/batteryCell.png,32x32,,Project-original (generated by tools/gen_pack.py; owner trebiluk); no third-party license,trebiluk project,generated,basics-1,704825aff180
spring,item-icon,textures/items/spring.png,32x32,,Project-original (generated by tools/gen_pack.py; owner trebiluk); no third-party license,trebiluk project,generated,basics-1,2c307e7318e9
wireRope,item-icon,textures/items/wireRope.png,32x32,,Project-original (generated by tools/gen_pack.py; owner trebiluk); no third-party license,trebiluk project,generated,ladder-1,20930fc515da
steelBeam,item-icon,textures/items/steelBeam.png,32x32,,Project-original (generated by tools/gen_pack.py; owner trebiluk); no third-party license,trebiluk project,generated,ladder-1,6650f9ecb048
timberBeam,item-icon,textures/items/timberBeam.png,32x32,,Project-original (generated by tools/gen_pack.py; owner trebiluk); no third-party license,trebiluk project,generated,ladder-1,3740c2f78479
cotton,item-icon,textures/items/cotton.png,32x32,,Project-original (generated by tools/gen_pack.py; owner trebiluk); no third-party license,trebiluk project,generated,storage-1,160aaa6430c4
cottonSeed,item-icon,textures/items/cottonSeed.png,32x32,,Project-original (generated by tools/gen_pack.py; owner trebiluk); no third-party license,trebiluk project,generated,storage-1,3b9b239e96dc
cloth,item-icon,textures/items/cloth.png,32x32,,Project-original (generated by tools/gen_pack.py; owner trebiluk); no third-party license,trebiluk project,generated,storage-1,69448316c09d
salt,item-icon,textures/items/salt.png,32x32,,Project-original (generated by tools/gen_pack.py; owner trebiluk); no third-party license,trebiluk project,generated,world-2,3b17262cef8d
platinumGrain,item-icon,textures/items/platinumGrain.png,32x32,,Project-original (generated by tools/gen_pack.py; owner trebiluk); no third-party license,trebiluk project,generated,world-2,26a233f3f6db
platinumNugget,item-icon,textures/items/platinumNugget.png,32x32,,Project-original (generated by tools/gen_pack.py; owner trebiluk); no third-party license,trebiluk project,generated,world-2,8bedd7393962
platinumIngot,item-icon,textures/items/platinumIngot.png,32x32,,Project-original (generated by tools/gen_pack.py; owner trebiluk); no third-party license,trebiluk project,generated,later,87ff049a6f52
alumina,item-icon,textures/items/alumina.png,32x32,,Project-original (generated by tools/gen_pack.py; owner trebiluk); no third-party license,trebiluk project,generated,world-2,c3ac209bdb46
aluminumIngot,item-icon,textures/items/aluminumIngot.png,32x32,,Project-original (generated by tools/gen_pack.py; owner trebiluk); no third-party license,trebiluk project,generated,world-2,2d6f9890c8e9
aluminumBeam,item-icon,textures/items/aluminumBeam.png,32x32,,Project-original (generated by tools/gen_pack.py; owner trebiluk); no third-party license,trebiluk project,generated,ladder-1,b9a1394968a3
titaniumDioxide,item-icon,textures/items/titaniumDioxide.png,32x32,,Project-original (generated by tools/gen_pack.py; owner trebiluk); no third-party license,trebiluk project,generated,world-2,d590607d28a4
titaniumIngot,item-icon,textures/items/titaniumIngot.png,32x32,,Project-original (generated by tools/gen_pack.py; owner trebiluk); no third-party license,trebiluk project,generated,world-2,b7da8c255730
graphite,item-icon,textures/items/graphite.png,32x32,,Project-original (generated by tools/gen_pack.py; owner trebiluk); no third-party license,trebiluk project,generated,world-2,335c9299a84f
rhodiumSpeck,item-icon,textures/items/rhodiumSpeck.png,32x32,,Project-original (generated by tools/gen_pack.py; owner trebiluk); no third-party license,trebiluk project,generated,world-3,2b339e82121f
iridiumSpeck,item-icon,textures/items/iridiumSpeck.png,32x32,,Project-original (generated by tools/gen_pack.py; owner trebiluk); no third-party license,trebiluk project,generated,world-3,2b9bbca28000
paintBrush,item-icon,textures/items/paintBrush.png,32x32,,Project-original (generated by tools/gen_pack.py; owner trebiluk); no third-party license,trebiluk project,generated,storage-2,9b6cbf91d026
satchel,item-icon,textures/items/satchel.png,32x32,,Project-original (generated by tools/gen_pack.py; owner trebiluk); no third-party license,trebiluk project,generated,storage-1,47ce76ba462e
backpack,item-icon,textures/items/backpack.png,32x32,,Project-original (generated by tools/gen_pack.py; owner trebiluk); no third-party license,trebiluk project,generated,storage-1,a9f7b4493e46
expeditionPack,item-icon,textures/items/expeditionPack.png,32x32,,Project-original (generated by tools/gen_pack.py; owner trebiluk); no third-party license,trebiluk project,generated,storage-1,905729568530
fob,item-icon,textures/items/fob.png,32x32,,Project-original (generated by tools/gen_pack.py; owner trebiluk); no third-party license,trebiluk project,generated,bot-cargo,729fde070d78
botH1,item-icon,textures/items/botH1.png,32x32,,Project-original (generated by tools/gen_pack.py; owner trebiluk); no third-party license,trebiluk project,generated,bot-cargo,c764a21e96bf
driveS,item-icon,textures/items/driveS.png,32x32,,Project-original (generated by tools/gen_pack.py; owner trebiluk); no third-party license,trebiluk project,generated,storage-5,e13e8568dd06
driveM,item-icon,textures/items/driveM.png,32x32,,Project-original (generated by tools/gen_pack.py; owner trebiluk); no third-party license,trebiluk project,generated,storage-5,ca7ac427c435
driveL,item-icon,textures/items/driveL.png,32x32,,Project-original (generated by tools/gen_pack.py; owner trebiluk); no third-party license,trebiluk project,generated,storage-5,6dbda67c7948
deliveryDrone,item-icon,textures/items/deliveryDrone.png,32x32,,Project-original (generated by tools/gen_pack.py; owner trebiluk); no third-party license,trebiluk project,generated,storage-3,2b769231bc92
petRock,item-icon,textures/items/petRock.png,32x32,,Project-original (generated by tools/gen_pack.py; owner trebiluk); no third-party license,trebiluk project,generated,fun-1,b703d2d13ad7
gravityHat,item-icon,textures/items/gravityHat.png,32x32,,Project-original (generated by tools/gen_pack.py; owner trebiluk); no third-party license,trebiluk project,generated,fun-1,16a88378e6e4
musicDisc,item-icon,textures/items/musicDisc.png,32x32,,Project-original (generated by tools/gen_pack.py; owner trebiluk); no third-party license,trebiluk project,generated,music-1,d75361ff0b74
warpKey,item-icon,textures/items/warpKey.png,32x32,,Project-original (generated by tools/gen_pack.py; owner trebiluk); no third-party license,trebiluk project,generated,effects-1,4c709b473d6a
bandage,item-icon,textures/items/bandage.png,32x32,,Project-original (generated by tools/gen_pack.py; owner trebiluk); no third-party license,trebiluk project,generated,effects-1,53eb8fc757aa
herbTonic,item-icon,textures/items/herbTonic.png,32x32,,Project-original (generated by tools/gen_pack.py; owner trebiluk); no third-party license,trebiluk project,generated,effects-1,212b62d4c5b2
medKit,item-icon,textures/items/medKit.png,32x32,,Project-original (generated by tools/gen_pack.py; owner trebiluk); no third-party license,trebiluk project,generated,effects-1,4fe81fa407a5
whistleBell,item-icon,textures/items/whistleBell.png,32x32,,Project-original (generated by tools/gen_pack.py; owner trebiluk); no third-party license,trebiluk project,generated,effects-1,2d483323a711
critterJar,item-icon,textures/items/critterJar.png,32x32,,Project-original (generated by tools/gen_pack.py; owner trebiluk); no third-party license,trebiluk project,generated,effects-1,971271e08035
morphVial,item-icon,textures/items/morphVial.png,32x32,,Project-original (generated by tools/gen_pack.py; owner trebiluk); no third-party license,trebiluk project,generated,effects-1,6f3e4bbf439d
camoCloak,item-icon,textures/items/camoCloak.png,32x32,,Project-original (generated by tools/gen_pack.py; owner trebiluk); no third-party license,trebiluk project,generated,effects-1,c48bd6f506b9
magnetWand,item-icon,textures/items/magnetWand.png,32x32,,Project-original (generated by tools/gen_pack.py; owner trebiluk); no third-party license,trebiluk project,generated,effects-1,3f88d241da08
lightWand,item-icon,textures/items/lightWand.png,32x32,,Project-original (generated by tools/gen_pack.py; owner trebiluk); no third-party license,trebiluk project,generated,effects-1,ab2c87cb7d51
fizzVial,item-icon,textures/items/fizzVial.png,32x32,,Project-original (generated by tools/gen_pack.py; owner trebiluk); no third-party license,trebiluk project,generated,effects-1,2be7f2620f47
frostVial,item-icon,textures/items/frostVial.png,32x32,,Project-original (generated by tools/gen_pack.py; owner trebiluk); no third-party license,trebiluk project,generated,effects-1,bbfcaf058a15
sparkRod,item-icon,textures/items/sparkRod.png,32x32,,Project-original (generated by tools/gen_pack.py; owner trebiluk); no third-party license,trebiluk project,generated,effects-1,d71f5e119349
blueprintScroll,item-icon,textures/items/blueprintScroll.png,32x32,,Project-original (generated by tools/gen_pack.py; owner trebiluk); no third-party license,trebiluk project,generated,ladder-1,42aa5b18ee15
cogCopper,item-icon,textures/items/cogCopper.png,32x32,,Project-original (generated by tools/gen_pack.py; owner trebiluk); no third-party license,trebiluk project,generated,live,c5ea38ba1916
cogSilver,item-icon,textures/items/cogSilver.png,32x32,,Project-original (generated by tools/gen_pack.py; owner trebiluk); no third-party license,trebiluk project,generated,ladder-1,8f164976a9d1
cogGold,item-icon,textures/items/cogGold.png,32x32,,Project-original (generated by tools/gen_pack.py; owner trebiluk); no third-party license,trebiluk project,generated,ladder-1,028bd3ae27d8
cogPlatinum,item-icon,textures/items/cogPlatinum.png,32x32,,Project-original (generated by tools/gen_pack.py; owner trebiluk); no third-party license,trebiluk project,generated,ladder-1,a61524e20334
cogIridium,item-icon,textures/items/cogIridium.png,32x32,,Project-original (generated by tools/gen_pack.py; owner trebiluk); no third-party license,trebiluk project,generated,world-3,ecbc5dcc1c4b
flower,item-icon,textures/items/flower.png,32x32,,Project-original (generated by tools/gen_pack.py; owner trebiluk); no third-party license,trebiluk project,generated,world-2,fee64369e8a9
apple,item-icon,textures/items/apple.png,32x32,https://kenney.nl/assets/voxel-pack,Creative Commons CC0 (as stated on kenney.nl page and License.txt in zip),Kenney (kenney.nl),sourced-derived,holidays-1,02a6a514e412
carvingTool,item-icon,textures/items/carvingTool.png,32x32,,Project-original (generated by tools/gen_pack.py; owner trebiluk); no third-party license,trebiluk project,generated,holidays-1,3ad03128795e
block:lever,block-icon (placeholder shape),textures/items/block-lever.png,32x32,,Project-original (generated by tools/gen_pack.py; owner trebiluk); no third-party license,trebiluk project,generated,basics-1,d71f5e119349
block:leverOn,block-icon (placeholder shape),textures/items/block-leverOn.png,32x32,,Project-original (generated by tools/gen_pack.py; owner trebiluk); no third-party license,trebiluk project,generated,basics-1,d71f5e119349
block:pushButton,block-icon (placeholder shape),textures/items/block-pushButton.png,32x32,,Project-original (generated by tools/gen_pack.py; owner trebiluk); no third-party license,trebiluk project,generated,basics-1,414ce61055c8
block:pushButtonOn,block-icon (placeholder shape),textures/items/block-pushButtonOn.png,32x32,,Project-original (generated by tools/gen_pack.py; owner trebiluk); no third-party license,trebiluk project,generated,basics-1,df9e37e58f12
block:lantern,block-icon (placeholder shape),textures/items/block-lantern.png,32x32,,Project-original (generated by tools/gen_pack.py; owner trebiluk); no third-party license,trebiluk project,generated,basics-1,971271e08035
block:charger,block-icon (placeholder shape),textures/items/block-charger.png,32x32,,Project-original (generated by tools/gen_pack.py; owner trebiluk); no third-party license,trebiluk project,generated,basics-1,704825aff180
block:glowPebble,block-icon (placeholder shape),textures/items/block-glowPebble.png,32x32,,Project-original (generated by tools/gen_pack.py; owner trebiluk); no third-party license,trebiluk project,generated,basics-2,b69ad3d37b96
block:glowStick,block-icon (placeholder shape),textures/items/block-glowStick.png,32x32,,Project-original (generated by tools/gen_pack.py; owner trebiluk); no third-party license,trebiluk project,generated,basics-2,a2db6e1477e9
block:jumboGlow,block-icon (placeholder shape),textures/items/block-jumboGlow.png,32x32,,Project-original (generated by tools/gen_pack.py; owner trebiluk); no third-party license,trebiluk project,generated,basics-2,7faf02e76344
block:coldGlowVial,block-icon (placeholder shape),textures/items/block-coldGlowVial.png,32x32,,Project-original (generated by tools/gen_pack.py; owner trebiluk); no third-party license,trebiluk project,generated,basics-2,bbfcaf058a15
block:saltPan,block-icon (placeholder shape),textures/items/block-saltPan.png,32x32,,Project-original (generated by tools/gen_pack.py; owner trebiluk); no third-party license,trebiluk project,generated,world-2,812aacabfa16
block:wallShelf,block-icon (placeholder shape),textures/items/block-wallShelf.png,32x32,,Project-original (generated by tools/gen_pack.py; owner trebiluk); no third-party license,trebiluk project,generated,storage-1,3740c2f78479
block:shelf,block-icon (placeholder shape),textures/items/block-shelf.png,32x32,,Project-original (generated by tools/gen_pack.py; owner trebiluk); no third-party license,trebiluk project,generated,storage-1,3740c2f78479
block:sideTable,block-icon (placeholder shape),textures/items/block-sideTable.png,32x32,,Project-original (generated by tools/gen_pack.py; owner trebiluk); no third-party license,trebiluk project,generated,storage-1,47ce76ba462e
block:desk,block-icon (placeholder shape),textures/items/block-desk.png,32x32,,Project-original (generated by tools/gen_pack.py; owner trebiluk); no third-party license,trebiluk project,generated,storage-1,47ce76ba462e
block:sign,block-icon (placeholder shape),textures/items/block-sign.png,32x32,,Project-original (generated by tools/gen_pack.py; owner trebiluk); no third-party license,trebiluk project,generated,storage-1,42aa5b18ee15
block:itemTube,block-icon (placeholder shape),textures/items/block-itemTube.png,32x32,,Project-original (generated by tools/gen_pack.py; owner trebiluk); no third-party license,trebiluk project,generated,storage-4,faf1c4cce31e
block:poweredTube,block-icon (placeholder shape),textures/items/block-poweredTube.png,32x32,,Project-original (generated by tools/gen_pack.py; owner trebiluk); no third-party license,trebiluk project,generated,storage-4,d97d5d094685
block:filterTube,block-icon (placeholder shape),textures/items/block-filterTube.png,32x32,,Project-original (generated by tools/gen_pack.py; owner trebiluk); no third-party license,trebiluk project,generated,storage-4,faf1c4cce31e
block:extractor,block-icon (placeholder shape),textures/items/block-extractor.png,32x32,,Project-original (generated by tools/gen_pack.py; owner trebiluk); no third-party license,trebiluk project,generated,storage-4,414ce61055c8
block:networkCable,block-icon (placeholder shape),textures/items/block-networkCable.png,32x32,,Project-original (generated by tools/gen_pack.py; owner trebiluk); no third-party license,trebiluk project,generated,storage-5,100b4b56e98f
block:storageLink,block-icon (placeholder shape),textures/items/block-storageLink.png,32x32,,Project-original (generated by tools/gen_pack.py; owner trebiluk); no third-party license,trebiluk project,generated,storage-5,c6a94946ad8f
block:teleportPad,block-icon (placeholder shape),textures/items/block-teleportPad.png,32x32,,Project-original (generated by tools/gen_pack.py; owner trebiluk); no third-party license,trebiluk project,generated,storage-3,b78594a4d9aa
block:droneDock,block-icon (placeholder shape),textures/items/block-droneDock.png,32x32,,Project-original (generated by tools/gen_pack.py; owner trebiluk); no third-party license,trebiluk project,generated,storage-3,2b769231bc92
block:networkPad,block-icon (placeholder shape),textures/items/block-networkPad.png,32x32,,Project-original (generated by tools/gen_pack.py; owner trebiluk); no third-party license,trebiluk project,generated,storage-6,cd63f1abf329
block:keyboardBlock,block-icon (placeholder shape),textures/items/block-keyboardBlock.png,32x32,,Project-original (generated by tools/gen_pack.py; owner trebiluk); no third-party license,trebiluk project,generated,music-1,c6a94946ad8f
block:drumKit,block-icon (placeholder shape),textures/items/block-drumKit.png,32x32,,Project-original (generated by tools/gen_pack.py; owner trebiluk); no third-party license,trebiluk project,generated,music-1,d75361ff0b74
block:guitar,block-icon (placeholder shape),textures/items/block-guitar.png,32x32,,Project-original (generated by tools/gen_pack.py; owner trebiluk); no third-party license,trebiluk project,generated,music-1,9b6cbf91d026
block:ghostLight,block-icon (placeholder shape),textures/items/block-ghostLight.png,32x32,,Project-original (generated by tools/gen_pack.py; owner trebiluk); no third-party license,trebiluk project,generated,holidays-1,2d483323a711
block:diyaLight,block-icon (placeholder shape),textures/items/block-diyaLight.png,32x32,,Project-original (generated by tools/gen_pack.py; owner trebiluk); no third-party license,trebiluk project,generated,holidays-1,9e6a9ddc0958
block:warpPad,block-icon (placeholder shape),textures/items/block-warpPad.png,32x32,,Project-original (generated by tools/gen_pack.py; owner trebiluk); no third-party license,trebiluk project,generated,effects-1,4c709b473d6a
block:sleepingBag,block-icon (placeholder shape),textures/items/block-sleepingBag.png,32x32,,Project-original (generated by tools/gen_pack.py; owner trebiluk); no third-party license,trebiluk project,generated,effects-1,69448316c09d
block:crewBanner,block-icon (placeholder shape),textures/items/block-crewBanner.png,32x32,,Project-original (generated by tools/gen_pack.py; owner trebiluk); no third-party license,trebiluk project,generated,effects-1,42aa5b18ee15
block:gameZoneFlag,block-icon (placeholder shape),textures/items/block-gameZoneFlag.png,32x32,,Project-original (generated by tools/gen_pack.py; owner trebiluk); no third-party license,trebiluk project,generated,effects-1,42aa5b18ee15
block:dexShelf,block-icon (placeholder shape),textures/items/block-dexShelf.png,32x32,,Project-original (generated by tools/gen_pack.py; owner trebiluk); no third-party license,trebiluk project,generated,world-3,3740c2f78479
block:trophyShelf,block-icon (placeholder shape),textures/items/block-trophyShelf.png,32x32,,Project-original (generated by tools/gen_pack.py; owner trebiluk); no third-party license,trebiluk project,generated,later,3740c2f78479
block:scarecrow,block-icon (placeholder shape),textures/items/block-scarecrow.png,32x32,,Project-original (generated by tools/gen_pack.py; owner trebiluk); no third-party license,trebiluk project,generated,holidays-1,4a42a37d235b
block:spookySign,block-icon (placeholder shape),textures/items/block-spookySign.png,32x32,,Project-original (generated by tools/gen_pack.py; owner trebiluk); no third-party license,trebiluk project,generated,holidays-1,267c7421a633
block:harvestLantern,block-icon (placeholder shape),textures/items/block-harvestLantern.png,32x32,,Project-original (generated by tools/gen_pack.py; owner trebiluk); no third-party license,trebiluk project,generated,holidays-1,971271e08035
block:chair,block-icon (placeholder shape),textures/items/block-chair.png,32x32,,Project-original (generated by tools/gen_pack.py; owner trebiluk); no third-party license,trebiluk project,generated,storage-2,f33901499170
block:stool,block-icon (placeholder shape),textures/items/block-stool.png,32x32,,Project-original (generated by tools/gen_pack.py; owner trebiluk); no third-party license,trebiluk project,generated,storage-2,f1bfff035b2b
block:bench,block-icon (placeholder shape),textures/items/block-bench.png,32x32,,Project-original (generated by tools/gen_pack.py; owner trebiluk); no third-party license,trebiluk project,generated,storage-2,98d08638074b
block:table,block-icon (placeholder shape),textures/items/block-table.png,32x32,,Project-original (generated by tools/gen_pack.py; owner trebiluk); no third-party license,trebiluk project,generated,storage-2,9883cd2431a6
block:snowPal,block-icon (placeholder shape),textures/items/block-snowPal.png,32x32,,Project-original (generated by tools/gen_pack.py; owner trebiluk); no third-party license,trebiluk project,generated,holidays-2,5e7540e5c58d
block:chair@oak,block-icon (palette variant),textures/items/block-chair@oak.png,32x32,,Project-original (generated by tools/gen_pack.py; owner trebiluk); no third-party license,trebiluk project,generated,storage-2,f33901499170
block:stool@oak,block-icon (palette variant),textures/items/block-stool@oak.png,32x32,,Project-original (generated by tools/gen_pack.py; owner trebiluk); no third-party license,trebiluk project,generated,storage-2,f1bfff035b2b
block:bench@oak,block-icon (palette variant),textures/items/block-bench@oak.png,32x32,,Project-original (generated by tools/gen_pack.py; owner trebiluk); no third-party license,trebiluk project,generated,storage-2,98d08638074b
block:table@oak,block-icon (palette variant),textures/items/block-table@oak.png,32x32,,Project-original (generated by tools/gen_pack.py; owner trebiluk); no third-party license,trebiluk project,generated,storage-2,9883cd2431a6
block:chair@walnut,block-icon (palette variant),textures/items/block-chair@walnut.png,32x32,,Project-original (generated by tools/gen_pack.py; owner trebiluk); no third-party license,trebiluk project,generated,storage-2,bc81be19b6fe
block:stool@walnut,block-icon (palette variant),textures/items/block-stool@walnut.png,32x32,,Project-original (generated by tools/gen_pack.py; owner trebiluk); no third-party license,trebiluk project,generated,storage-2,97289649963c
block:bench@walnut,block-icon (palette variant),textures/items/block-bench@walnut.png,32x32,,Project-original (generated by tools/gen_pack.py; owner trebiluk); no third-party license,trebiluk project,generated,storage-2,661490bd9760
block:table@walnut,block-icon (palette variant),textures/items/block-table@walnut.png,32x32,,Project-original (generated by tools/gen_pack.py; owner trebiluk); no third-party license,trebiluk project,generated,storage-2,815a90ab7527
block:chair@birch,block-icon (palette variant),textures/items/block-chair@birch.png,32x32,,Project-original (generated by tools/gen_pack.py; owner trebiluk); no third-party license,trebiluk project,generated,storage-2,cffb0256d83c
block:stool@birch,block-icon (palette variant),textures/items/block-stool@birch.png,32x32,,Project-original (generated by tools/gen_pack.py; owner trebiluk); no third-party license,trebiluk project,generated,storage-2,d4ecc7c8e307
block:bench@birch,block-icon (palette variant),textures/items/block-bench@birch.png,32x32,,Project-original (generated by tools/gen_pack.py; owner trebiluk); no third-party license,trebiluk project,generated,storage-2,46ddedd4b74d
block:table@birch,block-icon (palette variant),textures/items/block-table@birch.png,32x32,,Project-original (generated by tools/gen_pack.py; owner trebiluk); no third-party license,trebiluk project,generated,storage-2,a432bfd601cf
block:chair@teal,block-icon (palette variant),textures/items/block-chair@teal.png,32x32,,Project-original (generated by tools/gen_pack.py; owner trebiluk); no third-party license,trebiluk project,generated,storage-2,00f6de242831
block:stool@teal,block-icon (palette variant),textures/items/block-stool@teal.png,32x32,,Project-original (generated by tools/gen_pack.py; owner trebiluk); no third-party license,trebiluk project,generated,storage-2,6c4dce821017
block:bench@teal,block-icon (palette variant),textures/items/block-bench@teal.png,32x32,,Project-original (generated by tools/gen_pack.py; owner trebiluk); no third-party license,trebiluk project,generated,storage-2,a61a09a53916
block:table@teal,block-icon (palette variant),textures/items/block-table@teal.png,32x32,,Project-original (generated by tools/gen_pack.py; owner trebiluk); no third-party license,trebiluk project,generated,storage-2,3acdadede738
block:chair@berty,block-icon (palette variant),textures/items/block-chair@berty.png,32x32,,Project-original (generated by tools/gen_pack.py; owner trebiluk); no third-party license,trebiluk project,generated,storage-2,e013b931862d
block:stool@berty,block-icon (palette variant),textures/items/block-stool@berty.png,32x32,,Project-original (generated by tools/gen_pack.py; owner trebiluk); no third-party license,trebiluk project,generated,storage-2,eec00fe6166a
block:bench@berty,block-icon (palette variant),textures/items/block-bench@berty.png,32x32,,Project-original (generated by tools/gen_pack.py; owner trebiluk); no third-party license,trebiluk project,generated,storage-2,7d0900edee3e
block:table@berty,block-icon (palette variant),textures/items/block-table@berty.png,32x32,,Project-original (generated by tools/gen_pack.py; owner trebiluk); no third-party license,trebiluk project,generated,storage-2,996574497b82
block:chair@sunny,block-icon (palette variant),textures/items/block-chair@sunny.png,32x32,,Project-original (generated by tools/gen_pack.py; owner trebiluk); no third-party license,trebiluk project,generated,storage-2,374fcd5f5706
block:stool@sunny,block-icon (palette variant),textures/items/block-stool@sunny.png,32x32,,Project-original (generated by tools/gen_pack.py; owner trebiluk); no third-party license,trebiluk project,generated,storage-2,513ca6d380c5
block:bench@sunny,block-icon (palette variant),textures/items/block-bench@sunny.png,32x32,,Project-original (generated by tools/gen_pack.py; owner trebiluk); no third-party license,trebiluk project,generated,storage-2,44c1d560aec6
block:table@sunny,block-icon (palette variant),textures/items/block-table@sunny.png,32x32,,Project-original (generated by tools/gen_pack.py; owner trebiluk); no third-party license,trebiluk project,generated,storage-2,4335e7421138
block:chair@coral,block-icon (palette variant),textures/items/block-chair@coral.png,32x32,,Project-original (generated by tools/gen_pack.py; owner trebiluk); no third-party license,trebiluk project,generated,storage-2,9bc7d3021116
block:stool@coral,block-icon (palette variant),textures/items/block-stool@coral.png,32x32,,Project-original (generated by tools/gen_pack.py; owner trebiluk); no third-party license,trebiluk project,generated,storage-2,a98aa2e3beec
block:bench@coral,block-icon (palette variant),textures/items/block-bench@coral.png,32x32,,Project-original (generated by tools/gen_pack.py; owner trebiluk); no third-party license,trebiluk project,generated,storage-2,b436815f4afa
block:table@coral,block-icon (palette variant),textures/items/block-table@coral.png,32x32,,Project-original (generated by tools/gen_pack.py; owner trebiluk); no third-party license,trebiluk project,generated,storage-2,5092294eef51
block:chair@slate,block-icon (palette variant),textures/items/block-chair@slate.png,32x32,,Project-original (generated by tools/gen_pack.py; owner trebiluk); no third-party license,trebiluk project,generated,storage-2,977287469553
block:stool@slate,block-icon (palette variant),textures/items/block-stool@slate.png,32x32,,Project-original (generated by tools/gen_pack.py; owner trebiluk); no third-party license,trebiluk project,generated,storage-2,81fe2cbd1185
block:bench@slate,block-icon (palette variant),textures/items/block-bench@slate.png,32x32,,Project-original (generated by tools/gen_pack.py; owner trebiluk); no third-party license,trebiluk project,generated,storage-2,e7cef3faebeb
block:table@slate,block-icon (palette variant),textures/items/block-table@slate.png,32x32,,Project-original (generated by tools/gen_pack.py; owner trebiluk); no third-party license,trebiluk project,generated,storage-2,6e3919991c39
bot,sprite,textures/sprites/bot.png,32x32,,Project-original (generated by tools/gen_pack.py; owner trebiluk); no third-party license,trebiluk project,generated,bot-cargo,c764a21e96bf
drone,sprite,textures/sprites/drone.png,32x32,,Project-original (generated by tools/gen_pack.py; owner trebiluk); no third-party license,trebiluk project,generated,storage-3,2b769231bc92
petrock,sprite,textures/sprites/petrock.png,32x32,,Project-original (generated by tools/gen_pack.py; owner trebiluk); no third-party license,trebiluk project,generated,fun-1,b703d2d13ad7
firefly,sprite,textures/sprites/firefly.png,32x32,,Project-original (generated by tools/gen_pack.py; owner trebiluk); no third-party license,trebiluk project,generated,effects-1,260a5b940133
butterfly,sprite,textures/sprites/butterfly.png,32x32,,Project-original (generated by tools/gen_pack.py; owner trebiluk); no third-party license,trebiluk project,generated,effects-1,139a6f27975b
songbird,sprite,textures/sprites/songbird.png,32x32,,Project-original (generated by tools/gen_pack.py; owner trebiluk); no third-party license,trebiluk project,generated,effects-1,f9408eaac8de
frog,sprite,textures/sprites/frog.png,32x32,,Project-original (generated by tools/gen_pack.py; owner trebiluk); no third-party license,trebiluk project,generated,effects-1,796bbb72967c
prairiedog,sprite,textures/sprites/prairiedog.png,32x32,,Project-original (generated by tools/gen_pack.py; owner trebiluk); no third-party license,trebiluk project,generated,effects-1,3b00c651a1ea
cat,sprite,textures/sprites/cat.png,32x32,,Project-original (generated by tools/gen_pack.py; owner trebiluk); no third-party license,trebiluk project,generated,effects-1,366ee4306674
biome:commons,minimap-pattern,textures/minimap/commons.png,16x16,,Project-original (generated by tools/gen_pack.py; owner trebiluk); no third-party license,trebiluk project,generated,world-2,8b3f68c47c11
biome:glasswood,minimap-pattern,textures/minimap/glasswood.png,16x16,,Project-original (generated by tools/gen_pack.py; owner trebiluk); no third-party license,trebiluk project,generated,world-2,deadc42230bb
biome:rustflats,minimap-pattern,textures/minimap/rustflats.png,16x16,,Project-original (generated by tools/gen_pack.py; owner trebiluk); no third-party license,trebiluk project,generated,world-2,c9aef4a021a7
biome:tidewell,minimap-pattern,textures/minimap/tidewell.png,16x16,,Project-original (generated by tools/gen_pack.py; owner trebiluk); no third-party license,trebiluk project,generated,world-2,942616ea5a58
biome:frostspire,minimap-pattern,textures/minimap/frostspire.png,16x16,,Project-original (generated by tools/gen_pack.py; owner trebiluk); no third-party license,trebiluk project,generated,world-2,0e9084a1f65c
biome:emberdeep,minimap-pattern,textures/minimap/emberdeep.png,16x16,,Project-original (generated by tools/gen_pack.py; owner trebiluk); no third-party license,trebiluk project,generated,world-2,688de92dc5c2
biome:sea,minimap-pattern,textures/minimap/sea.png,16x16,,Project-original (generated by tools/gen_pack.py; owner trebiluk); no third-party license,trebiluk project,generated,world-2,4f2c35ca1c0c
biome:town,minimap-pattern,textures/minimap/town.png,16x16,,Project-original (generated by tools/gen_pack.py; owner trebiluk); no third-party license,trebiluk project,generated,world-2,d3c75e476f83
mine_stone_1,sfx,sfx/mine_stone_1.ogg,,https://kenney.nl/assets/impact-sounds,Creative Commons CC0 (as stated on kenney.nl page and License.txt in zip),Kenney (kenney.nl),sourced (transcoded+normalised),mine hold tick stone; orig impact-sounds/impactMining_000.ogg,c1851e02459a
mine_stone_1,sfx,sfx/mine_stone_1.mp3,,https://kenney.nl/assets/impact-sounds,Creative Commons CC0 (as stated on kenney.nl page and License.txt in zip),Kenney (kenney.nl),sourced (transcoded+normalised),mine hold tick stone; orig impact-sounds/impactMining_000.ogg,a17881492a1a
mine_stone_2,sfx,sfx/mine_stone_2.ogg,,https://kenney.nl/assets/impact-sounds,Creative Commons CC0 (as stated on kenney.nl page and License.txt in zip),Kenney (kenney.nl),sourced (transcoded+normalised),mine hold tick stone; orig impact-sounds/impactMining_001.ogg,6ebbc8744ce3
mine_stone_2,sfx,sfx/mine_stone_2.mp3,,https://kenney.nl/assets/impact-sounds,Creative Commons CC0 (as stated on kenney.nl page and License.txt in zip),Kenney (kenney.nl),sourced (transcoded+normalised),mine hold tick stone; orig impact-sounds/impactMining_001.ogg,4a1ecceec73b
mine_wood,sfx,sfx/mine_wood.ogg,,https://kenney.nl/assets/impact-sounds,Creative Commons CC0 (as stated on kenney.nl page and License.txt in zip),Kenney (kenney.nl),sourced (transcoded+normalised),mine wood; orig impact-sounds/impactWood_light_000.ogg,d9318f4ef48f
mine_wood,sfx,sfx/mine_wood.mp3,,https://kenney.nl/assets/impact-sounds,Creative Commons CC0 (as stated on kenney.nl page and License.txt in zip),Kenney (kenney.nl),sourced (transcoded+normalised),mine wood; orig impact-sounds/impactWood_light_000.ogg,5785e021bfa9
mine_soft,sfx,sfx/mine_soft.ogg,,https://kenney.nl/assets/impact-sounds,Creative Commons CC0 (as stated on kenney.nl page and License.txt in zip),Kenney (kenney.nl),sourced (transcoded+normalised),mine dirt/sand/cloth/leaves; orig impact-sounds/impactSoft_medium_000.ogg,4f8d0bd5c516
mine_soft,sfx,sfx/mine_soft.mp3,,https://kenney.nl/assets/impact-sounds,Creative Commons CC0 (as stated on kenney.nl page and License.txt in zip),Kenney (kenney.nl),sourced (transcoded+normalised),mine dirt/sand/cloth/leaves; orig impact-sounds/impactSoft_medium_000.ogg,207420490597
mine_glass,sfx,sfx/mine_glass.ogg,,https://kenney.nl/assets/impact-sounds,Creative Commons CC0 (as stated on kenney.nl page and License.txt in zip),Kenney (kenney.nl),sourced (transcoded+normalised),mine glass; orig impact-sounds/impactGlass_light_000.ogg,dc9ed7069520
mine_glass,sfx,sfx/mine_glass.mp3,,https://kenney.nl/assets/impact-sounds,Creative Commons CC0 (as stated on kenney.nl page and License.txt in zip),Kenney (kenney.nl),sourced (transcoded+normalised),mine glass; orig impact-sounds/impactGlass_light_000.ogg,e432b3913b94
mine_metal,sfx,sfx/mine_metal.ogg,,https://kenney.nl/assets/impact-sounds,Creative Commons CC0 (as stated on kenney.nl page and License.txt in zip),Kenney (kenney.nl),sourced (transcoded+normalised),mine machines/ore; orig impact-sounds/impactMetal_light_000.ogg,58eab068c601
mine_metal,sfx,sfx/mine_metal.mp3,,https://kenney.nl/assets/impact-sounds,Creative Commons CC0 (as stated on kenney.nl page and License.txt in zip),Kenney (kenney.nl),sourced (transcoded+normalised),mine machines/ore; orig impact-sounds/impactMetal_light_000.ogg,3d41812c47a6
break_stone,sfx,sfx/break_stone.ogg,,https://kenney.nl/assets/impact-sounds,Creative Commons CC0 (as stated on kenney.nl page and License.txt in zip),Kenney (kenney.nl),sourced (transcoded+normalised),block breaks; orig impact-sounds/impactMining_003.ogg,a97f490ad0c6
break_stone,sfx,sfx/break_stone.mp3,,https://kenney.nl/assets/impact-sounds,Creative Commons CC0 (as stated on kenney.nl page and License.txt in zip),Kenney (kenney.nl),sourced (transcoded+normalised),block breaks; orig impact-sounds/impactMining_003.ogg,549273b35399
break_wood,sfx,sfx/break_wood.ogg,,https://kenney.nl/assets/impact-sounds,Creative Commons CC0 (as stated on kenney.nl page and License.txt in zip),Kenney (kenney.nl),sourced (transcoded+normalised),block breaks; orig impact-sounds/impactWood_medium_001.ogg,38b45488b1b1
break_wood,sfx,sfx/break_wood.mp3,,https://kenney.nl/assets/impact-sounds,Creative Commons CC0 (as stated on kenney.nl page and License.txt in zip),Kenney (kenney.nl),sourced (transcoded+normalised),block breaks; orig impact-sounds/impactWood_medium_001.ogg,4521ad63234b
break_glass,sfx,sfx/break_glass.ogg,,https://kenney.nl/assets/impact-sounds,Creative Commons CC0 (as stated on kenney.nl page and License.txt in zip),Kenney (kenney.nl),sourced (transcoded+normalised),glass breaks; orig impact-sounds/impactGlass_medium_000.ogg,29ebec5f0eed
break_glass,sfx,sfx/break_glass.mp3,,https://kenney.nl/assets/impact-sounds,Creative Commons CC0 (as stated on kenney.nl page and License.txt in zip),Kenney (kenney.nl),sourced (transcoded+normalised),glass breaks; orig impact-sounds/impactGlass_medium_000.ogg,2285b153bbdf
place_block,sfx,sfx/place_block.ogg,,https://kenney.nl/assets/impact-sounds,Creative Commons CC0 (as stated on kenney.nl page and License.txt in zip),Kenney (kenney.nl),sourced (transcoded+normalised),Place; orig impact-sounds/impactPlank_medium_000.ogg,90f18b4f1dfe
place_block,sfx,sfx/place_block.mp3,,https://kenney.nl/assets/impact-sounds,Creative Commons CC0 (as stated on kenney.nl page and License.txt in zip),Kenney (kenney.nl),sourced (transcoded+normalised),Place; orig impact-sounds/impactPlank_medium_000.ogg,2b9042da6efa
place_soft,sfx,sfx/place_soft.ogg,,https://kenney.nl/assets/impact-sounds,Creative Commons CC0 (as stated on kenney.nl page and License.txt in zip),Kenney (kenney.nl),sourced (transcoded+normalised),Place cloth/dirt; orig impact-sounds/impactSoft_heavy_000.ogg,d66673347101
place_soft,sfx,sfx/place_soft.mp3,,https://kenney.nl/assets/impact-sounds,Creative Commons CC0 (as stated on kenney.nl page and License.txt in zip),Kenney (kenney.nl),sourced (transcoded+normalised),Place cloth/dirt; orig impact-sounds/impactSoft_heavy_000.ogg,2704f1b978b2
place_metal,sfx,sfx/place_metal.ogg,,https://kenney.nl/assets/impact-sounds,Creative Commons CC0 (as stated on kenney.nl page and License.txt in zip),Kenney (kenney.nl),sourced (transcoded+normalised),Place machine; orig impact-sounds/impactPlate_light_000.ogg,c4a54338ee3d
place_metal,sfx,sfx/place_metal.mp3,,https://kenney.nl/assets/impact-sounds,Creative Commons CC0 (as stated on kenney.nl page and License.txt in zip),Kenney (kenney.nl),sourced (transcoded+normalised),Place machine; orig impact-sounds/impactPlate_light_000.ogg,8d0d4245df38
step_grass,sfx,sfx/step_grass.ogg,,https://kenney.nl/assets/impact-sounds,Creative Commons CC0 (as stated on kenney.nl page and License.txt in zip),Kenney (kenney.nl),sourced (transcoded+normalised),footsteps; orig impact-sounds/footstep_grass_000.ogg,a6a2e0ae8727
step_grass,sfx,sfx/step_grass.mp3,,https://kenney.nl/assets/impact-sounds,Creative Commons CC0 (as stated on kenney.nl page and License.txt in zip),Kenney (kenney.nl),sourced (transcoded+normalised),footsteps; orig impact-sounds/footstep_grass_000.ogg,0dae01bdf28f
step_stone,sfx,sfx/step_stone.ogg,,https://kenney.nl/assets/impact-sounds,Creative Commons CC0 (as stated on kenney.nl page and License.txt in zip),Kenney (kenney.nl),sourced (transcoded+normalised),footsteps; orig impact-sounds/footstep_concrete_000.ogg,084722c92992
step_stone,sfx,sfx/step_stone.mp3,,https://kenney.nl/assets/impact-sounds,Creative Commons CC0 (as stated on kenney.nl page and License.txt in zip),Kenney (kenney.nl),sourced (transcoded+normalised),footsteps; orig impact-sounds/footstep_concrete_000.ogg,daff8a4f97cc
step_wood,sfx,sfx/step_wood.ogg,,https://kenney.nl/assets/impact-sounds,Creative Commons CC0 (as stated on kenney.nl page and License.txt in zip),Kenney (kenney.nl),sourced (transcoded+normalised),footsteps; orig impact-sounds/footstep_wood_000.ogg,b22e63c60815
step_wood,sfx,sfx/step_wood.mp3,,https://kenney.nl/assets/impact-sounds,Creative Commons CC0 (as stated on kenney.nl page and License.txt in zip),Kenney (kenney.nl),sourced (transcoded+normalised),footsteps; orig impact-sounds/footstep_wood_000.ogg,cdc8841aef33
step_snow,sfx,sfx/step_snow.ogg,,https://kenney.nl/assets/impact-sounds,Creative Commons CC0 (as stated on kenney.nl page and License.txt in zip),Kenney (kenney.nl),sourced (transcoded+normalised),footsteps snow (world-2); orig impact-sounds/footstep_snow_000.ogg,44694cc9e155
step_snow,sfx,sfx/step_snow.mp3,,https://kenney.nl/assets/impact-sounds,Creative Commons CC0 (as stated on kenney.nl page and License.txt in zip),Kenney (kenney.nl),sourced (transcoded+normalised),footsteps snow (world-2); orig impact-sounds/footstep_snow_000.ogg,0bce213433cf
step_cloth,sfx,sfx/step_cloth.ogg,,https://kenney.nl/assets/impact-sounds,Creative Commons CC0 (as stated on kenney.nl page and License.txt in zip),Kenney (kenney.nl),sourced (transcoded+normalised),footsteps cloth; orig impact-sounds/footstep_carpet_000.ogg,8a8164d58049
step_cloth,sfx,sfx/step_cloth.mp3,,https://kenney.nl/assets/impact-sounds,Creative Commons CC0 (as stated on kenney.nl page and License.txt in zip),Kenney (kenney.nl),sourced (transcoded+normalised),footsteps cloth; orig impact-sounds/footstep_carpet_000.ogg,5a272a70a07e
door_open,sfx,sfx/door_open.ogg,,https://kenney.nl/assets/rpg-audio,Creative Commons CC0 (as stated on kenney.nl page and License.txt in zip),Kenney (kenney.nl),sourced (transcoded+normalised),door open; orig rpg-audio/doorOpen_1.ogg,c65fe9ccad44
door_open,sfx,sfx/door_open.mp3,,https://kenney.nl/assets/rpg-audio,Creative Commons CC0 (as stated on kenney.nl page and License.txt in zip),Kenney (kenney.nl),sourced (transcoded+normalised),door open; orig rpg-audio/doorOpen_1.ogg,7bb2460f4e0f
door_close,sfx,sfx/door_close.ogg,,https://kenney.nl/assets/rpg-audio,Creative Commons CC0 (as stated on kenney.nl page and License.txt in zip),Kenney (kenney.nl),sourced (transcoded+normalised),door close; orig rpg-audio/doorClose_1.ogg,be663375dd97
door_close,sfx,sfx/door_close.mp3,,https://kenney.nl/assets/rpg-audio,Creative Commons CC0 (as stated on kenney.nl page and License.txt in zip),Kenney (kenney.nl),sourced (transcoded+normalised),door close; orig rpg-audio/doorClose_1.ogg,033e1d648bdd
lever,sfx,sfx/lever.ogg,,https://kenney.nl/assets/rpg-audio,Creative Commons CC0 (as stated on kenney.nl page and License.txt in zip),Kenney (kenney.nl),sourced (transcoded+normalised),lever flip; orig rpg-audio/metalLatch.ogg,aa6fe96eefe1
lever,sfx,sfx/lever.mp3,,https://kenney.nl/assets/rpg-audio,Creative Commons CC0 (as stated on kenney.nl page and License.txt in zip),Kenney (kenney.nl),sourced (transcoded+normalised),lever flip; orig rpg-audio/metalLatch.ogg,cc69af92c59b
button,sfx,sfx/button.ogg,,https://kenney.nl/assets/rpg-audio,Creative Commons CC0 (as stated on kenney.nl page and License.txt in zip),Kenney (kenney.nl),sourced (transcoded+normalised),push button; orig rpg-audio/metalClick.ogg,de5cbad43107
button,sfx,sfx/button.mp3,,https://kenney.nl/assets/rpg-audio,Creative Commons CC0 (as stated on kenney.nl page and License.txt in zip),Kenney (kenney.nl),sourced (transcoded+normalised),push button; orig rpg-audio/metalClick.ogg,38ed36ae03d2
coins,sfx,sfx/coins.ogg,,https://kenney.nl/assets/rpg-audio,Creative Commons CC0 (as stated on kenney.nl page and License.txt in zip),Kenney (kenney.nl),sourced (transcoded+normalised),Cogs paid/received; orig rpg-audio/handleCoins.ogg,01eaa00c506e
coins,sfx,sfx/coins.mp3,,https://kenney.nl/assets/rpg-audio,Creative Commons CC0 (as stated on kenney.nl page and License.txt in zip),Kenney (kenney.nl),sourced (transcoded+normalised),Cogs paid/received; orig rpg-audio/handleCoins.ogg,ec1c839975c1
bag_open,sfx,sfx/bag_open.ogg,,https://kenney.nl/assets/rpg-audio,Creative Commons CC0 (as stated on kenney.nl page and License.txt in zip),Kenney (kenney.nl),sourced (transcoded+normalised),Bag open; orig rpg-audio/cloth1.ogg,13eb0384222e
bag_open,sfx,sfx/bag_open.mp3,,https://kenney.nl/assets/rpg-audio,Creative Commons CC0 (as stated on kenney.nl page and License.txt in zip),Kenney (kenney.nl),sourced (transcoded+normalised),Bag open; orig rpg-audio/cloth1.ogg,49e92f4657c6
pickup,sfx,sfx/pickup.ogg,,https://kenney.nl/assets/rpg-audio,Creative Commons CC0 (as stated on kenney.nl page and License.txt in zip),Kenney (kenney.nl),sourced (transcoded+normalised),pick up drop; orig rpg-audio/handleSmallLeather.ogg,f9e353af49a2
pickup,sfx,sfx/pickup.mp3,,https://kenney.nl/assets/rpg-audio,Creative Commons CC0 (as stated on kenney.nl page and License.txt in zip),Kenney (kenney.nl),sourced (transcoded+normalised),pick up drop; orig rpg-audio/handleSmallLeather.ogg,a9bf8af6f0b5
box_open,sfx,sfx/box_open.ogg,,https://kenney.nl/assets/rpg-audio,Creative Commons CC0 (as stated on kenney.nl page and License.txt in zip),Kenney (kenney.nl),sourced (transcoded+normalised),Box/Cabinet open; orig rpg-audio/creak1.ogg,63fda59799d9
box_open,sfx,sfx/box_open.mp3,,https://kenney.nl/assets/rpg-audio,Creative Commons CC0 (as stated on kenney.nl page and License.txt in zip),Kenney (kenney.nl),sourced (transcoded+normalised),Box/Cabinet open; orig rpg-audio/creak1.ogg,cd03e76eac4d
book_open,sfx,sfx/book_open.ogg,,https://kenney.nl/assets/rpg-audio,Creative Commons CC0 (as stated on kenney.nl page and License.txt in zip),Kenney (kenney.nl),sourced (transcoded+normalised),Bertodex open; orig rpg-audio/bookOpen.ogg,fc1ccdf2488b
book_open,sfx,sfx/book_open.mp3,,https://kenney.nl/assets/rpg-audio,Creative Commons CC0 (as stated on kenney.nl page and License.txt in zip),Kenney (kenney.nl),sourced (transcoded+normalised),Bertodex open; orig rpg-audio/bookOpen.ogg,464ac41fa159
book_flip,sfx,sfx/book_flip.ogg,,https://kenney.nl/assets/rpg-audio,Creative Commons CC0 (as stated on kenney.nl page and License.txt in zip),Kenney (kenney.nl),sourced (transcoded+normalised),Bertodex page; orig rpg-audio/bookFlip1.ogg,3a61053949f2
book_flip,sfx,sfx/book_flip.mp3,,https://kenney.nl/assets/rpg-audio,Creative Commons CC0 (as stated on kenney.nl page and License.txt in zip),Kenney (kenney.nl),sourced (transcoded+normalised),Bertodex page; orig rpg-audio/bookFlip1.ogg,6351e5594f38
carve,sfx,sfx/carve.ogg,,https://kenney.nl/assets/rpg-audio,Creative Commons CC0 (as stated on kenney.nl page and License.txt in zip),Kenney (kenney.nl),sourced (transcoded+normalised),pumpkin carve stroke; orig rpg-audio/knifeSlice.ogg,eee022e727e6
carve,sfx,sfx/carve.mp3,,https://kenney.nl/assets/rpg-audio,Creative Commons CC0 (as stated on kenney.nl page and License.txt in zip),Kenney (kenney.nl),sourced (transcoded+normalised),pumpkin carve stroke; orig rpg-audio/knifeSlice.ogg,24d822ecf97e
smelt_pot,sfx,sfx/smelt_pot.ogg,,https://kenney.nl/assets/rpg-audio,Creative Commons CC0 (as stated on kenney.nl page and License.txt in zip),Kenney (kenney.nl),sourced (transcoded+normalised),Smelter/Forge done; orig rpg-audio/metalPot1.ogg,13518603ab8b
smelt_pot,sfx,sfx/smelt_pot.mp3,,https://kenney.nl/assets/rpg-audio,Creative Commons CC0 (as stated on kenney.nl page and License.txt in zip),Kenney (kenney.nl),sourced (transcoded+normalised),Smelter/Forge done; orig rpg-audio/metalPot1.ogg,153166816654
ui_open,sfx,sfx/ui_open.ogg,,https://kenney.nl/assets/interface-sounds,Creative Commons CC0 (as stated on kenney.nl page and License.txt in zip),Kenney (kenney.nl),sourced (transcoded+normalised),panel open; orig interface-sounds/open_001.ogg,e7f645e51ac8
ui_open,sfx,sfx/ui_open.mp3,,https://kenney.nl/assets/interface-sounds,Creative Commons CC0 (as stated on kenney.nl page and License.txt in zip),Kenney (kenney.nl),sourced (transcoded+normalised),panel open; orig interface-sounds/open_001.ogg,730380d1bc5d
ui_close,sfx,sfx/ui_close.ogg,,https://kenney.nl/assets/interface-sounds,Creative Commons CC0 (as stated on kenney.nl page and License.txt in zip),Kenney (kenney.nl),sourced (transcoded+normalised),panel close; orig interface-sounds/close_001.ogg,7b7f83fe6412
ui_close,sfx,sfx/ui_close.mp3,,https://kenney.nl/assets/interface-sounds,Creative Commons CC0 (as stated on kenney.nl page and License.txt in zip),Kenney (kenney.nl),sourced (transcoded+normalised),panel close; orig interface-sounds/close_001.ogg,dea98906e889
ui_confirm,sfx,sfx/ui_confirm.ogg,,https://kenney.nl/assets/interface-sounds,Creative Commons CC0 (as stated on kenney.nl page and License.txt in zip),Kenney (kenney.nl),sourced (transcoded+normalised),craft ok; orig interface-sounds/confirmation_001.ogg,2f6d9d2bd7e7
ui_confirm,sfx,sfx/ui_confirm.mp3,,https://kenney.nl/assets/interface-sounds,Creative Commons CC0 (as stated on kenney.nl page and License.txt in zip),Kenney (kenney.nl),sourced (transcoded+normalised),craft ok; orig interface-sounds/confirmation_001.ogg,9f11095ed368
ui_error,sfx,sfx/ui_error.ogg,,https://kenney.nl/assets/interface-sounds,Creative Commons CC0 (as stated on kenney.nl page and License.txt in zip),Kenney (kenney.nl),sourced (transcoded+normalised),refused (polite); orig interface-sounds/error_004.ogg,832c79619bbf
ui_error,sfx,sfx/ui_error.mp3,,https://kenney.nl/assets/interface-sounds,Creative Commons CC0 (as stated on kenney.nl page and License.txt in zip),Kenney (kenney.nl),sourced (transcoded+normalised),refused (polite); orig interface-sounds/error_004.ogg,ef13febf54f6
ui_select,sfx,sfx/ui_select.ogg,,https://kenney.nl/assets/interface-sounds,Creative Commons CC0 (as stated on kenney.nl page and License.txt in zip),Kenney (kenney.nl),sourced (transcoded+normalised),slot select; orig interface-sounds/select_001.ogg,96410cf573fa
ui_select,sfx,sfx/ui_select.mp3,,https://kenney.nl/assets/interface-sounds,Creative Commons CC0 (as stated on kenney.nl page and License.txt in zip),Kenney (kenney.nl),sourced (transcoded+normalised),slot select; orig interface-sounds/select_001.ogg,4e2c8b2d8e12
ui_toggle,sfx,sfx/ui_toggle.ogg,,https://kenney.nl/assets/interface-sounds,Creative Commons CC0 (as stated on kenney.nl page and License.txt in zip),Kenney (kenney.nl),sourced (transcoded+normalised),settings toggle; orig interface-sounds/toggle_001.ogg,4ee5d39063e5
ui_toggle,sfx,sfx/ui_toggle.mp3,,https://kenney.nl/assets/interface-sounds,Creative Commons CC0 (as stated on kenney.nl page and License.txt in zip),Kenney (kenney.nl),sourced (transcoded+normalised),settings toggle; orig interface-sounds/toggle_001.ogg,d66f4aa2f7a2
ui_tick,sfx,sfx/ui_tick.ogg,,https://kenney.nl/assets/interface-sounds,Creative Commons CC0 (as stated on kenney.nl page and License.txt in zip),Kenney (kenney.nl),sourced (transcoded+normalised),scroll tick; orig interface-sounds/tick_001.ogg,c43469d3f30e
ui_tick,sfx,sfx/ui_tick.mp3,,https://kenney.nl/assets/interface-sounds,Creative Commons CC0 (as stated on kenney.nl page and License.txt in zip),Kenney (kenney.nl),sourced (transcoded+normalised),scroll tick; orig interface-sounds/tick_001.ogg,e7cfe9df8a1b
ui_drop,sfx,sfx/ui_drop.ogg,,https://kenney.nl/assets/interface-sounds,Creative Commons CC0 (as stated on kenney.nl page and License.txt in zip),Kenney (kenney.nl),sourced (transcoded+normalised),Q drop; orig interface-sounds/drop_001.ogg,d341df3f7abe
ui_drop,sfx,sfx/ui_drop.mp3,,https://kenney.nl/assets/interface-sounds,Creative Commons CC0 (as stated on kenney.nl page and License.txt in zip),Kenney (kenney.nl),sourced (transcoded+normalised),Q drop; orig interface-sounds/drop_001.ogg,33663a00fb7e
ui_back,sfx,sfx/ui_back.ogg,,https://kenney.nl/assets/interface-sounds,Creative Commons CC0 (as stated on kenney.nl page and License.txt in zip),Kenney (kenney.nl),sourced (transcoded+normalised),back; orig interface-sounds/back_001.ogg,0229df82695d
ui_back,sfx,sfx/ui_back.mp3,,https://kenney.nl/assets/interface-sounds,Creative Commons CC0 (as stated on kenney.nl page and License.txt in zip),Kenney (kenney.nl),sourced (transcoded+normalised),back; orig interface-sounds/back_001.ogg,69ff1229f0a4
ui_pluck,sfx,sfx/ui_pluck.ogg,,https://kenney.nl/assets/interface-sounds,Creative Commons CC0 (as stated on kenney.nl page and License.txt in zip),Kenney (kenney.nl),sourced (transcoded+normalised),tap-to-slot; orig interface-sounds/pluck_001.ogg,25d04bb202b0
ui_pluck,sfx,sfx/ui_pluck.mp3,,https://kenney.nl/assets/interface-sounds,Creative Commons CC0 (as stated on kenney.nl page and License.txt in zip),Kenney (kenney.nl),sourced (transcoded+normalised),tap-to-slot; orig interface-sounds/pluck_001.ogg,d438400fb2be
ui_question,sfx,sfx/ui_question.ogg,,https://kenney.nl/assets/interface-sounds,Creative Commons CC0 (as stated on kenney.nl page and License.txt in zip),Kenney (kenney.nl),sourced (transcoded+normalised),hint; orig interface-sounds/question_001.ogg,d6dcfc23a5ee
ui_question,sfx,sfx/ui_question.mp3,,https://kenney.nl/assets/interface-sounds,Creative Commons CC0 (as stated on kenney.nl page and License.txt in zip),Kenney (kenney.nl),sourced (transcoded+normalised),hint; orig interface-sounds/question_001.ogg,a204e25d6e5f
sting_first_craft,sfx-sting,music/sting_first_craft.ogg,,https://kenney.nl/assets/music-jingles,Creative Commons CC0 (as stated on kenney.nl page and License.txt in zip),Kenney (kenney.nl),sourced (transcoded+normalised),first craft of a recipe; orig music-jingles/jingles_PIZZI00.ogg,830a81537f0b
sting_first_craft,sfx-sting,music/sting_first_craft.mp3,,https://kenney.nl/assets/music-jingles,Creative Commons CC0 (as stated on kenney.nl page and License.txt in zip),Kenney (kenney.nl),sourced (transcoded+normalised),first craft of a recipe; orig music-jingles/jingles_PIZZI00.ogg,27e3be713f0c
sting_milestone,sfx-sting,music/sting_milestone.ogg,,https://kenney.nl/assets/music-jingles,Creative Commons CC0 (as stated on kenney.nl page and License.txt in zip),Kenney (kenney.nl),sourced (transcoded+normalised),milestone / stamp; orig music-jingles/jingles_STEEL00.ogg,4a95bdd7563e
sting_milestone,sfx-sting,music/sting_milestone.mp3,,https://kenney.nl/assets/music-jingles,Creative Commons CC0 (as stated on kenney.nl page and License.txt in zip),Kenney (kenney.nl),sourced (transcoded+normalised),milestone / stamp; orig music-jingles/jingles_STEEL00.ogg,4f2f94375c2b
sting_daily_done,sfx-sting,music/sting_daily_done.ogg,,https://kenney.nl/assets/music-jingles,Creative Commons CC0 (as stated on kenney.nl page and License.txt in zip),Kenney (kenney.nl),sourced (transcoded+normalised),Daily done; orig music-jingles/jingles_HIT00.ogg,79e705d64f76
sting_daily_done,sfx-sting,music/sting_daily_done.mp3,,https://kenney.nl/assets/music-jingles,Creative Commons CC0 (as stated on kenney.nl page and License.txt in zip),Kenney (kenney.nl),sourced (transcoded+normalised),Daily done; orig music-jingles/jingles_HIT00.ogg,268ec4ac08bc
sting_level,sfx-sting,music/sting_level.ogg,,https://kenney.nl/assets/music-jingles,Creative Commons CC0 (as stated on kenney.nl page and License.txt in zip),Kenney (kenney.nl),sourced (transcoded+normalised),tier unlock; orig music-jingles/jingles_PIZZI04.ogg,f7311dce4a97
sting_level,sfx-sting,music/sting_level.mp3,,https://kenney.nl/assets/music-jingles,Creative Commons CC0 (as stated on kenney.nl page and License.txt in zip),Kenney (kenney.nl),sourced (transcoded+normalised),tier unlock; orig music-jingles/jingles_PIZZI04.ogg,5b46a9e1fb54
sting_dex_new,sfx-sting,music/sting_dex_new.ogg,,https://kenney.nl/assets/music-jingles,Creative Commons CC0 (as stated on kenney.nl page and License.txt in zip),Kenney (kenney.nl),sourced (transcoded+normalised),new Bertodex entry; orig music-jingles/jingles_STEEL04.ogg,a42d8b783738
sting_dex_new,sfx-sting,music/sting_dex_new.mp3,,https://kenney.nl/assets/music-jingles,Creative Commons CC0 (as stated on kenney.nl page and License.txt in zip),Kenney (kenney.nl),sourced (transcoded+normalised),new Bertodex entry; orig music-jingles/jingles_STEEL04.ogg,4164703503d2
sting_holiday,sfx-sting,music/sting_holiday.ogg,,https://kenney.nl/assets/music-jingles,Creative Commons CC0 (as stated on kenney.nl page and License.txt in zip),Kenney (kenney.nl),sourced (transcoded+normalised),holiday pack arrives; orig music-jingles/jingles_SAX02.ogg,4e08eb901ecc
sting_holiday,sfx-sting,music/sting_holiday.mp3,,https://kenney.nl/assets/music-jingles,Creative Commons CC0 (as stated on kenney.nl page and License.txt in zip),Kenney (kenney.nl),sourced (transcoded+normalised),holiday pack arrives; orig music-jingles/jingles_SAX02.ogg,4e9360bea2f0
crack_tick,sfx,sfx/crack_tick.ogg,,,Project-original (generated by tools/gen_sfx.py; owner trebiluk); no third-party license,trebiluk project,generated,mining crack stage tick (paired with crack overlay),c71673b3c529
crack_tick,sfx,sfx/crack_tick.mp3,,,Project-original (generated by tools/gen_sfx.py; owner trebiluk); no third-party license,trebiluk project,generated,mining crack stage tick (paired with crack overlay),cc0a5a2b9fbd
puff,sfx,sfx/puff.ogg,,,Project-original (generated by tools/gen_sfx.py; owner trebiluk); no third-party license,trebiluk project,generated,block break puff (paired with particles),a3ffcb02ccb9
puff,sfx,sfx/puff.mp3,,,Project-original (generated by tools/gen_sfx.py; owner trebiluk); no third-party license,trebiluk project,generated,block break puff (paired with particles),fed0ce36c280
splash,sfx,sfx/splash.ogg,,,Project-original (generated by tools/gen_sfx.py; owner trebiluk); no third-party license,trebiluk project,generated,enter water (world-1),bb68976e28c3
splash,sfx,sfx/splash.mp3,,,Project-original (generated by tools/gen_sfx.py; owner trebiluk); no third-party license,trebiluk project,generated,enter water (world-1),bcb090f5fe1f
swim_stroke,sfx,sfx/swim_stroke.ogg,,,Project-original (generated by tools/gen_sfx.py; owner trebiluk); no third-party license,trebiluk project,generated,swimming (world-1),2279ba566705
swim_stroke,sfx,sfx/swim_stroke.mp3,,,Project-original (generated by tools/gen_sfx.py; owner trebiluk); no third-party license,trebiluk project,generated,swimming (world-1),ccc3a5f22828
pan_swirl,sfx,sfx/pan_swirl.ogg,,,Project-original (generated by tools/gen_sfx.py; owner trebiluk); no third-party license,trebiluk project,generated,pan swirl (world-1),daa62f34db93
pan_swirl,sfx,sfx/pan_swirl.mp3,,,Project-original (generated by tools/gen_sfx.py; owner trebiluk); no third-party license,trebiluk project,generated,pan swirl (world-1),2209cea80250
first_find,sfx,sfx/first_find.ogg,,,Project-original (generated by tools/gen_sfx.py; owner trebiluk); no third-party license,trebiluk project,generated,first find of an ore/element (Bertodex chip),b41b4b9d37fc
first_find,sfx,sfx/first_find.mp3,,,Project-original (generated by tools/gen_sfx.py; owner trebiluk); no third-party license,trebiluk project,generated,first find of an ore/element (Bertodex chip),1e034f254ccd
glow_snap,sfx,sfx/glow_snap.ogg,,,Project-original (generated by tools/gen_sfx.py; owner trebiluk); no third-party license,trebiluk project,generated,glow stick snap/activate,1ea7263786b6
glow_snap,sfx,sfx/glow_snap.mp3,,,Project-original (generated by tools/gen_sfx.py; owner trebiluk); no third-party license,trebiluk project,generated,glow stick snap/activate,b31d508a76ef
power_on,sfx,sfx/power_on.ogg,,,Project-original (generated by tools/gen_sfx.py; owner trebiluk); no third-party license,trebiluk project,generated,power connected (wire glows teal),83821bc4773f
power_on,sfx,sfx/power_on.mp3,,,Project-original (generated by tools/gen_sfx.py; owner trebiluk); no third-party license,trebiluk project,generated,power connected (wire glows teal),fc5411f2b909
power_off,sfx,sfx/power_off.ogg,,,Project-original (generated by tools/gen_sfx.py; owner trebiluk); no third-party license,trebiluk project,generated,power lost,fdf67fd7f490
power_off,sfx,sfx/power_off.mp3,,,Project-original (generated by tools/gen_sfx.py; owner trebiluk); no third-party license,trebiluk project,generated,power lost,a183892ef409
low_battery,sfx,sfx/low_battery.ogg,,,Project-original (generated by tools/gen_sfx.py; owner trebiluk); no third-party license,trebiluk project,generated,polite low-battery tone (paired with steady amber ring),5c7e11dae377
low_battery,sfx,sfx/low_battery.mp3,,,Project-original (generated by tools/gen_sfx.py; owner trebiluk); no third-party license,trebiluk project,generated,polite low-battery tone (paired with steady amber ring),a8c4adf21972
tube_whoosh,sfx,sfx/tube_whoosh.ogg,,,Project-original (generated by tools/gen_sfx.py; owner trebiluk); no third-party license,trebiluk project,generated,item enters tube,7c0eeb1d1ece
tube_whoosh,sfx,sfx/tube_whoosh.mp3,,,Project-original (generated by tools/gen_sfx.py; owner trebiluk); no third-party license,trebiluk project,generated,item enters tube,36ee1ddaf4de
teleport,sfx,sfx/teleport.ogg,,,Project-original (generated by tools/gen_sfx.py; owner trebiluk); no third-party license,trebiluk project,generated,teleport pad send (items only),75d1d65a0b6a
teleport,sfx,sfx/teleport.mp3,,,Project-original (generated by tools/gen_sfx.py; owner trebiluk); no third-party license,trebiluk project,generated,teleport pad send (items only),5ddf222e2f2c
drone_hum,sfx,sfx/drone_hum.ogg,,,Project-original (generated by tools/gen_sfx.py; owner trebiluk); no third-party license,trebiluk project,generated,drone flying loop (loopable 1 s),39d1e50262a9
drone_hum,sfx,sfx/drone_hum.mp3,,,Project-original (generated by tools/gen_sfx.py; owner trebiluk); no third-party license,trebiluk project,generated,drone flying loop (loopable 1 s),cdc325a69b60
bot_beep,sfx,sfx/bot_beep.ogg,,,Project-original (generated by tools/gen_sfx.py; owner trebiluk); no third-party license,trebiluk project,generated,bot acknowledges,975d43f3eabd
bot_beep,sfx,sfx/bot_beep.mp3,,,Project-original (generated by tools/gen_sfx.py; owner trebiluk); no third-party license,trebiluk project,generated,bot acknowledges,c6674eab5849
bot_stuck,sfx,sfx/bot_stuck.ogg,,,Project-original (generated by tools/gen_sfx.py; owner trebiluk); no third-party license,trebiluk project,generated,bot cannot reach (paired with chip),95564462c432
bot_stuck,sfx,sfx/bot_stuck.mp3,,,Project-original (generated by tools/gen_sfx.py; owner trebiluk); no third-party license,trebiluk project,generated,bot cannot reach (paired with chip),c24e7733be65
boing,sfx,sfx/boing.ogg,,,Project-original (generated by tools/gen_sfx.py; owner trebiluk); no third-party license,trebiluk project,generated,Bounce Block (fun-1),f239caf8a17b
boing,sfx,sfx/boing.mp3,,,Project-original (generated by tools/gen_sfx.py; owner trebiluk); no third-party license,trebiluk project,generated,Bounce Block (fun-1),d9ce8aabc6c0
craft_hammer,sfx,sfx/craft_hammer.ogg,,,Project-original (generated by tools/gen_sfx.py; owner trebiluk); no third-party license,trebiluk project,generated,Workbench craft,41cf054bd01e
craft_hammer,sfx,sfx/craft_hammer.mp3,,,Project-original (generated by tools/gen_sfx.py; owner trebiluk); no third-party license,trebiluk project,generated,Workbench craft,2f49f34aa947
smelt_whoosh,sfx,sfx/smelt_whoosh.ogg,,,Project-original (generated by tools/gen_sfx.py; owner trebiluk); no third-party license,trebiluk project,generated,Smelter start,c33052b0ba4a
smelt_whoosh,sfx,sfx/smelt_whoosh.mp3,,,Project-original (generated by tools/gen_sfx.py; owner trebiluk); no third-party license,trebiluk project,generated,Smelter start,dc5f22088470
fab_whirr,sfx,sfx/fab_whirr.ogg,,,Project-original (generated by tools/gen_sfx.py; owner trebiluk); no third-party license,trebiluk project,generated,Fabricator craft,373e4c23f254
fab_whirr,sfx,sfx/fab_whirr.mp3,,,Project-original (generated by tools/gen_sfx.py; owner trebiluk); no third-party license,trebiluk project,generated,Fabricator craft,ca9a6f8da5d6
charge_tick,sfx,sfx/charge_tick.ogg,,,Project-original (generated by tools/gen_sfx.py; owner trebiluk); no third-party license,trebiluk project,generated,charger / battery box pip,56034758feef
charge_tick,sfx,sfx/charge_tick.mp3,,,Project-original (generated by tools/gen_sfx.py; owner trebiluk); no third-party license,trebiluk project,generated,charger / battery box pip,439f9bb73e5c
warp,sfx,sfx/warp.ogg,,,Project-original (generated by tools/gen_sfx.py; owner trebiluk); no third-party license,trebiluk project,generated,Warp Key (effects-1),e4b9e76121c9
warp,sfx,sfx/warp.mp3,,,Project-original (generated by tools/gen_sfx.py; owner trebiluk); no third-party license,trebiluk project,generated,Warp Key (effects-1),ac8ff6425fb9
effect_on,sfx,sfx/effect_on.ogg,,,Project-original (generated by tools/gen_sfx.py; owner trebiluk); no third-party license,trebiluk project,generated,effect starts (paired with timer ring),a5b45e3582d1
effect_on,sfx,sfx/effect_on.mp3,,,Project-original (generated by tools/gen_sfx.py; owner trebiluk); no third-party license,trebiluk project,generated,effect starts (paired with timer ring),a453d014ab61
effect_off,sfx,sfx/effect_off.ogg,,,Project-original (generated by tools/gen_sfx.py; owner trebiluk); no third-party license,trebiluk project,generated,effect ends,d6b08716c789
effect_off,sfx,sfx/effect_off.mp3,,,Project-original (generated by tools/gen_sfx.py; owner trebiluk); no third-party license,trebiluk project,generated,effect ends,077795184143
sit,sfx,sfx/sit.ogg,,,Project-original (generated by tools/gen_sfx.py; owner trebiluk); no third-party license,trebiluk project,generated,sit on chair/stool/bench,77a65a396fe5
sit,sfx,sfx/sit.mp3,,,Project-original (generated by tools/gen_sfx.py; owner trebiluk); no third-party license,trebiluk project,generated,sit on chair/stool/bench,22bd7ee2d5e7
wind_loop,sfx,sfx/wind_loop.ogg,,,Project-original (generated by tools/gen_sfx.py; owner trebiluk); no third-party license,trebiluk project,generated,Frostspire wind loop (quiet; off in class mode),0ee027e9e4e2
wind_loop,sfx,sfx/wind_loop.mp3,,,Project-original (generated by tools/gen_sfx.py; owner trebiluk); no third-party license,trebiluk project,generated,Frostspire wind loop (quiet; off in class mode),6d1553a2470e
waves_loop,sfx,sfx/waves_loop.ogg,,,Project-original (generated by tools/gen_sfx.py; owner trebiluk); no third-party license,trebiluk project,generated,sea waves loop (world-2),4cb573ef9ccd
waves_loop,sfx,sfx/waves_loop.mp3,,,Project-original (generated by tools/gen_sfx.py; owner trebiluk); no third-party license,trebiluk project,generated,sea waves loop (world-2),b36c4cac99ea
salt_ding,sfx,sfx/salt_ding.ogg,,,Project-original (generated by tools/gen_sfx.py; owner trebiluk); no third-party license,trebiluk project,generated,Salt Pan made salt,b27b8bd2d634
salt_ding,sfx,sfx/salt_ding.mp3,,,Project-original (generated by tools/gen_sfx.py; owner trebiluk); no third-party license,trebiluk project,generated,Salt Pan made salt,50bd1f591654
lights_on,sfx,sfx/lights_on.ogg,,,Project-original (generated by tools/gen_sfx.py; owner trebiluk); no third-party license,trebiluk project,generated,holiday/string lights switch on,2bd38c6a89b9
lights_on,sfx,sfx/lights_on.mp3,,,Project-original (generated by tools/gen_sfx.py; owner trebiluk); no third-party license,trebiluk project,generated,holiday/string lights switch on,77286540778b
inst_marimba,sfx-instrument,sfx/inst_marimba.ogg,,,Project-original (generated by tools/gen_sfx.py; owner trebiluk); no third-party license,trebiluk project,generated,music-1 note block / instruments (C4 sample),ec7e8877caec
inst_marimba,sfx-instrument,sfx/inst_marimba.mp3,,,Project-original (generated by tools/gen_sfx.py; owner trebiluk); no third-party license,trebiluk project,generated,music-1 note block / instruments (C4 sample),2d873bbeff17
inst_chime,sfx-instrument,sfx/inst_chime.ogg,,,Project-original (generated by tools/gen_sfx.py; owner trebiluk); no third-party license,trebiluk project,generated,music-1 note block / instruments (C4 sample),7d0fad706b22
inst_chime,sfx-instrument,sfx/inst_chime.mp3,,,Project-original (generated by tools/gen_sfx.py; owner trebiluk); no third-party license,trebiluk project,generated,music-1 note block / instruments (C4 sample),196a6fad94b9
inst_steeldrum,sfx-instrument,sfx/inst_steeldrum.ogg,,,Project-original (generated by tools/gen_sfx.py; owner trebiluk); no third-party license,trebiluk project,generated,music-1 note block / instruments (C4 sample),b115c1a03522
inst_steeldrum,sfx-instrument,sfx/inst_steeldrum.mp3,,,Project-original (generated by tools/gen_sfx.py; owner trebiluk); no third-party license,trebiluk project,generated,music-1 note block / instruments (C4 sample),2917592dc929
inst_bass,sfx-instrument,sfx/inst_bass.ogg,,,Project-original (generated by tools/gen_sfx.py; owner trebiluk); no third-party license,trebiluk project,generated,music-1 note block / instruments (C4 sample),1cac2ecf459f
inst_bass,sfx-instrument,sfx/inst_bass.mp3,,,Project-original (generated by tools/gen_sfx.py; owner trebiluk); no third-party license,trebiluk project,generated,music-1 note block / instruments (C4 sample),a08686e8abea
inst_pluck,sfx-instrument,sfx/inst_pluck.ogg,,,Project-original (generated by tools/gen_sfx.py; owner trebiluk); no third-party license,trebiluk project,generated,music-1 note block / instruments (C4 sample),aab9bd33d24c
inst_pluck,sfx-instrument,sfx/inst_pluck.mp3,,,Project-original (generated by tools/gen_sfx.py; owner trebiluk); no third-party license,trebiluk project,generated,music-1 note block / instruments (C4 sample),cc28de40fb3d
inst_drum_kick,sfx-instrument,sfx/inst_drum_kick.ogg,,,Project-original (generated by tools/gen_sfx.py; owner trebiluk); no third-party license,trebiluk project,generated,music-1 note block / instruments (C4 sample),b67d8512f636
inst_drum_kick,sfx-instrument,sfx/inst_drum_kick.mp3,,,Project-original (generated by tools/gen_sfx.py; owner trebiluk); no third-party license,trebiluk project,generated,music-1 note block / instruments (C4 sample),81a6d6adfa7f
inst_drum_snare,sfx-instrument,sfx/inst_drum_snare.ogg,,,Project-original (generated by tools/gen_sfx.py; owner trebiluk); no third-party license,trebiluk project,generated,music-1 note block / instruments (C4 sample),845bc9e63a0c
inst_drum_snare,sfx-instrument,sfx/inst_drum_snare.mp3,,,Project-original (generated by tools/gen_sfx.py; owner trebiluk); no third-party license,trebiluk project,generated,music-1 note block / instruments (C4 sample),ed42fe96e7b1
inst_drum_hat,sfx-instrument,sfx/inst_drum_hat.ogg,,,Project-original (generated by tools/gen_sfx.py; owner trebiluk); no third-party license,trebiluk project,generated,music-1 note block / instruments (C4 sample),8db4c3f6426c
inst_drum_hat,sfx-instrument,sfx/inst_drum_hat.mp3,,,Project-original (generated by tools/gen_sfx.py; owner trebiluk); no third-party license,trebiluk project,generated,music-1 note block / instruments (C4 sample),4e62d34c4653
inst_clap,sfx-instrument,sfx/inst_clap.ogg,,,Project-original (generated by tools/gen_sfx.py; owner trebiluk); no third-party license,trebiluk project,generated,music-1 note block / instruments (C4 sample),133d525d01d0
inst_clap,sfx-instrument,sfx/inst_clap.mp3,,,Project-original (generated by tools/gen_sfx.py; owner trebiluk); no third-party license,trebiluk project,generated,music-1 note block / instruments (C4 sample),71ea2bd2703b
ui:bag,ui-icon,icons/ui/bag.svg,24x24 svg,,Project-original (generated by tools/gen_icons.py; owner trebiluk); no third-party license,trebiluk project,generated,HUD/panels (label always visible),6059000fb5f8
ui:craft,ui-icon,icons/ui/craft.svg,24x24 svg,,Project-original (generated by tools/gen_icons.py; owner trebiluk); no third-party license,trebiluk project,generated,HUD/panels (label always visible),aef64f449b4c
ui:tools,ui-icon,icons/ui/tools.svg,24x24 svg,,Project-original (generated by tools/gen_icons.py; owner trebiluk); no third-party license,trebiluk project,generated,HUD/panels (label always visible),ac2f5dcf2d75
ui:jump,ui-icon,icons/ui/jump.svg,24x24 svg,,Project-original (generated by tools/gen_icons.py; owner trebiluk); no third-party license,trebiluk project,generated,HUD/panels (label always visible),c6172ee6f6ab
ui:crouch,ui-icon,icons/ui/crouch.svg,24x24 svg,,Project-original (generated by tools/gen_icons.py; owner trebiluk); no third-party license,trebiluk project,generated,HUD/panels (label always visible),5ae0a32cce8a
ui:drop,ui-icon,icons/ui/drop.svg,24x24 svg,,Project-original (generated by tools/gen_icons.py; owner trebiluk); no third-party license,trebiluk project,generated,HUD/panels (label always visible),5f3125c53fb1
ui:use,ui-icon,icons/ui/use.svg,24x24 svg,,Project-original (generated by tools/gen_icons.py; owner trebiluk); no third-party license,trebiluk project,generated,HUD/panels (label always visible),f02d235ed1c6
ui:inspect,ui-icon,icons/ui/inspect.svg,24x24 svg,,Project-original (generated by tools/gen_icons.py; owner trebiluk); no third-party license,trebiluk project,generated,HUD/panels (label always visible),292878447c11
ui:undo,ui-icon,icons/ui/undo.svg,24x24 svg,,Project-original (generated by tools/gen_icons.py; owner trebiluk); no third-party license,trebiluk project,generated,HUD/panels (label always visible),c69f65f2b00c
ui:redo,ui-icon,icons/ui/redo.svg,24x24 svg,,Project-original (generated by tools/gen_icons.py; owner trebiluk); no third-party license,trebiluk project,generated,HUD/panels (label always visible),c86b80bb5f4e
ui:settings,ui-icon,icons/ui/settings.svg,24x24 svg,,Project-original (generated by tools/gen_icons.py; owner trebiluk); no third-party license,trebiluk project,generated,HUD/panels (label always visible),0b901515684c
ui:map,ui-icon,icons/ui/map.svg,24x24 svg,,Project-original (generated by tools/gen_icons.py; owner trebiluk); no third-party license,trebiluk project,generated,HUD/panels (label always visible),64dfa51bc621
ui:dex,ui-icon,icons/ui/dex.svg,24x24 svg,,Project-original (generated by tools/gen_icons.py; owner trebiluk); no third-party license,trebiluk project,generated,HUD/panels (label always visible),116dc9670091
ui:daily,ui-icon,icons/ui/daily.svg,24x24 svg,,Project-original (generated by tools/gen_icons.py; owner trebiluk); no third-party license,trebiluk project,generated,HUD/panels (label always visible),4f34c84e7599
ui:music,ui-icon,icons/ui/music.svg,24x24 svg,,Project-original (generated by tools/gen_icons.py; owner trebiluk); no third-party license,trebiluk project,generated,HUD/panels (label always visible),fa932d1914dc
ui:power,ui-icon,icons/ui/power.svg,24x24 svg,,Project-original (generated by tools/gen_icons.py; owner trebiluk); no third-party license,trebiluk project,generated,HUD/panels (label always visible),dad1b7dfdce6
ui:battery_low,ui-icon,icons/ui/battery_low.svg,24x24 svg,,Project-original (generated by tools/gen_icons.py; owner trebiluk); no third-party license,trebiluk project,generated,HUD/panels (label always visible),ad26b280a419
ui:battery_full,ui-icon,icons/ui/battery_full.svg,24x24 svg,,Project-original (generated by tools/gen_icons.py; owner trebiluk); no third-party license,trebiluk project,generated,HUD/panels (label always visible),0a3b0e9d988a
ui:link,ui-icon,icons/ui/link.svg,24x24 svg,,Project-original (generated by tools/gen_icons.py; owner trebiluk); no third-party license,trebiluk project,generated,HUD/panels (label always visible),df17aa58161a
ui:network,ui-icon,icons/ui/network.svg,24x24 svg,,Project-original (generated by tools/gen_icons.py; owner trebiluk); no third-party license,trebiluk project,generated,HUD/panels (label always visible),2b3be2336ea9
ui:filter,ui-icon,icons/ui/filter.svg,24x24 svg,,Project-original (generated by tools/gen_icons.py; owner trebiluk); no third-party license,trebiluk project,generated,HUD/panels (label always visible),b0a1bbf5dcaf
ui:lock,ui-icon,icons/ui/lock.svg,24x24 svg,,Project-original (generated by tools/gen_icons.py; owner trebiluk); no third-party license,trebiluk project,generated,HUD/panels (label always visible),7bffbe2e1da7
ui:unlock,ui-icon,icons/ui/unlock.svg,24x24 svg,,Project-original (generated by tools/gen_icons.py; owner trebiluk); no third-party license,trebiluk project,generated,HUD/panels (label always visible),c972453a6b3c
ui:home,ui-icon,icons/ui/home.svg,24x24 svg,,Project-original (generated by tools/gen_icons.py; owner trebiluk); no third-party license,trebiluk project,generated,HUD/panels (label always visible),54675863103c
ui:teleport,ui-icon,icons/ui/teleport.svg,24x24 svg,,Project-original (generated by tools/gen_icons.py; owner trebiluk); no third-party license,trebiluk project,generated,HUD/panels (label always visible),32db264d05bb
ui:drone,ui-icon,icons/ui/drone.svg,24x24 svg,,Project-original (generated by tools/gen_icons.py; owner trebiluk); no third-party license,trebiluk project,generated,HUD/panels (label always visible),c87067b11e8b
ui:bot,ui-icon,icons/ui/bot.svg,24x24 svg,,Project-original (generated by tools/gen_icons.py; owner trebiluk); no third-party license,trebiluk project,generated,HUD/panels (label always visible),d6aa340efa8c
ui:sort,ui-icon,icons/ui/sort.svg,24x24 svg,,Project-original (generated by tools/gen_icons.py; owner trebiluk); no third-party license,trebiluk project,generated,HUD/panels (label always visible),dfb31261f91f
ui:search,ui-icon,icons/ui/search.svg,24x24 svg,,Project-original (generated by tools/gen_icons.py; owner trebiluk); no third-party license,trebiluk project,generated,HUD/panels (label always visible),292878447c11
ui:close,ui-icon,icons/ui/close.svg,24x24 svg,,Project-original (generated by tools/gen_icons.py; owner trebiluk); no third-party license,trebiluk project,generated,HUD/panels (label always visible),831df10b7593
ui:back,ui-icon,icons/ui/back.svg,24x24 svg,,Project-original (generated by tools/gen_icons.py; owner trebiluk); no third-party license,trebiluk project,generated,HUD/panels (label always visible),a1eea57921a0
ui:info,ui-icon,icons/ui/info.svg,24x24 svg,,Project-original (generated by tools/gen_icons.py; owner trebiluk); no third-party license,trebiluk project,generated,HUD/panels (label always visible),9127e354bfbd
ui:sound_on,ui-icon,icons/ui/sound_on.svg,24x24 svg,,Project-original (generated by tools/gen_icons.py; owner trebiluk); no third-party license,trebiluk project,generated,HUD/panels (label always visible),ed8704cde563
ui:sound_off,ui-icon,icons/ui/sound_off.svg,24x24 svg,,Project-original (generated by tools/gen_icons.py; owner trebiluk); no third-party license,trebiluk project,generated,HUD/panels (label always visible),f528ee7c9258
ui:motion_off,ui-icon,icons/ui/motion_off.svg,24x24 svg,,Project-original (generated by tools/gen_icons.py; owner trebiluk); no third-party license,trebiluk project,generated,HUD/panels (label always visible),d06a0b3cbb11
ui:slow_taps,ui-icon,icons/ui/slow_taps.svg,24x24 svg,,Project-original (generated by tools/gen_icons.py; owner trebiluk); no third-party license,trebiluk project,generated,HUD/panels (label always visible),3421b3a3804c
ui:connect_time,ui-icon,icons/ui/connect_time.svg,24x24 svg,,Project-original (generated by tools/gen_icons.py; owner trebiluk); no third-party license,trebiluk project,generated,HUD/panels (label always visible),123fdd0c06d4
ui:language,ui-icon,icons/ui/language.svg,24x24 svg,,Project-original (generated by tools/gen_icons.py; owner trebiluk); no third-party license,trebiluk project,generated,HUD/panels (label always visible),05a28df41a33
ui:teacher,ui-icon,icons/ui/teacher.svg,24x24 svg,,Project-original (generated by tools/gen_icons.py; owner trebiluk); no third-party license,trebiluk project,generated,HUD/panels (label always visible),03435dd9712e
ui:workshop,ui-icon,icons/ui/workshop.svg,24x24 svg,,Project-original (generated by tools/gen_icons.py; owner trebiluk); no third-party license,trebiluk project,generated,HUD/panels (label always visible),f78eeb3c8f26
ui:swim,ui-icon,icons/ui/swim.svg,24x24 svg,,Project-original (generated by tools/gen_icons.py; owner trebiluk); no third-party license,trebiluk project,generated,HUD/panels (label always visible),46b8fba383cb
ui:pan,ui-icon,icons/ui/pan.svg,24x24 svg,,Project-original (generated by tools/gen_icons.py; owner trebiluk); no third-party license,trebiluk project,generated,HUD/panels (label always visible),191a29185058
ui:bucket,ui-icon,icons/ui/bucket.svg,24x24 svg,,Project-original (generated by tools/gen_icons.py; owner trebiluk); no third-party license,trebiluk project,generated,HUD/panels (label always visible),799684614d46
ui:glow,ui-icon,icons/ui/glow.svg,24x24 svg,,Project-original (generated by tools/gen_icons.py; owner trebiluk); no third-party license,trebiluk project,generated,HUD/panels (label always visible),f8c1874e96bb
ui:light,ui-icon,icons/ui/light.svg,24x24 svg,,Project-original (generated by tools/gen_icons.py; owner trebiluk); no third-party license,trebiluk project,generated,HUD/panels (label always visible),c70edfd02ed6
ui:wire,ui-icon,icons/ui/wire.svg,24x24 svg,,Project-original (generated by tools/gen_icons.py; owner trebiluk); no third-party license,trebiluk project,generated,HUD/panels (label always visible),fb0048181f2c
ui:cog_coin,ui-icon,icons/ui/cog_coin.svg,24x24 svg,,Project-original (generated by tools/gen_icons.py; owner trebiluk); no third-party license,trebiluk project,generated,HUD/panels (label always visible),98833e967d94
ui:gift,ui-icon,icons/ui/gift.svg,24x24 svg,,Project-original (generated by tools/gen_icons.py; owner trebiluk); no third-party license,trebiluk project,generated,HUD/panels (label always visible),ac4f2f55b6e6
ui:star,ui-icon,icons/ui/star.svg,24x24 svg,,Project-original (generated by tools/gen_icons.py; owner trebiluk); no third-party license,trebiluk project,generated,HUD/panels (label always visible),c87046dc9a25
ui:trophy,ui-icon,icons/ui/trophy.svg,24x24 svg,,Project-original (generated by tools/gen_icons.py; owner trebiluk); no third-party license,trebiluk project,generated,HUD/panels (label always visible),0392ddea30fa
ui:scoreboard,ui-icon,icons/ui/scoreboard.svg,24x24 svg,,Project-original (generated by tools/gen_icons.py; owner trebiluk); no third-party license,trebiluk project,generated,HUD/panels (label always visible),f1eaa6a31154
ui:check,ui-icon,icons/ui/check.svg,24x24 svg,,Project-original (generated by tools/gen_icons.py; owner trebiluk); no third-party license,trebiluk project,generated,HUD/panels (label always visible),ead4126c18aa
ui:question,ui-icon,icons/ui/question.svg,24x24 svg,,Project-original (generated by tools/gen_icons.py; owner trebiluk); no third-party license,trebiluk project,generated,HUD/panels (label always visible),e189c3a62319
ui:warning_amber,ui-icon,icons/ui/warning_amber.svg,24x24 svg,,Project-original (generated by tools/gen_icons.py; owner trebiluk); no third-party license,trebiluk project,generated,HUD/panels (label always visible),379105cb3712
ui:pickaxe,ui-icon,icons/ui/pickaxe.svg,24x24 svg,,Project-original (generated by tools/gen_icons.py; owner trebiluk); no third-party license,trebiluk project,generated,HUD/panels (label always visible),b363efdf3af9
ui:chest,ui-icon,icons/ui/chest.svg,24x24 svg,,Project-original (generated by tools/gen_icons.py; owner trebiluk); no third-party license,trebiluk project,generated,HUD/panels (label always visible),7fce206524f0
ui:shelf,ui-icon,icons/ui/shelf.svg,24x24 svg,,Project-original (generated by tools/gen_icons.py; owner trebiluk); no third-party license,trebiluk project,generated,HUD/panels (label always visible),46e847898eee
ui:tube,ui-icon,icons/ui/tube.svg,24x24 svg,,Project-original (generated by tools/gen_icons.py; owner trebiluk); no third-party license,trebiluk project,generated,HUD/panels (label always visible),b33d94379a1d
ui:chip,ui-icon,icons/ui/chip.svg,24x24 svg,,Project-original (generated by tools/gen_icons.py; owner trebiluk); no third-party license,trebiluk project,generated,HUD/panels (label always visible),72cc90a0a7a7
ui:note_block,ui-icon,icons/ui/note_block.svg,24x24 svg,,Project-original (generated by tools/gen_icons.py; owner trebiluk); no third-party license,trebiluk project,generated,HUD/panels (label always visible),eb75495bbc18
ui:jukebox,ui-icon,icons/ui/jukebox.svg,24x24 svg,,Project-original (generated by tools/gen_icons.py; owner trebiluk); no third-party license,trebiluk project,generated,HUD/panels (label always visible),5614f3257737
ui:pumpkin,ui-icon,icons/ui/pumpkin.svg,24x24 svg,,Project-original (generated by tools/gen_icons.py; owner trebiluk); no third-party license,trebiluk project,generated,HUD/panels (label always visible),fc57e7de8b8d
ui:carve,ui-icon,icons/ui/carve.svg,24x24 svg,,Project-original (generated by tools/gen_icons.py; owner trebiluk); no third-party license,trebiluk project,generated,HUD/panels (label always visible),e85a5855690f
ui:string_lights,ui-icon,icons/ui/string_lights.svg,24x24 svg,,Project-original (generated by tools/gen_icons.py; owner trebiluk); no third-party license,trebiluk project,generated,HUD/panels (label always visible),50e0ac48d027
ui:chair,ui-icon,icons/ui/chair.svg,24x24 svg,,Project-original (generated by tools/gen_icons.py; owner trebiluk); no third-party license,trebiluk project,generated,HUD/panels (label always visible),cbf6837038f2
ui:paint,ui-icon,icons/ui/paint.svg,24x24 svg,,Project-original (generated by tools/gen_icons.py; owner trebiluk); no third-party license,trebiluk project,generated,HUD/panels (label always visible),64623bcf7d54
ui:biome,ui-icon,icons/ui/biome.svg,24x24 svg,,Project-original (generated by tools/gen_icons.py; owner trebiluk); no third-party license,trebiluk project,generated,HUD/panels (label always visible),0857ceefa77d
ui:flag,ui-icon,icons/ui/flag.svg,24x24 svg,,Project-original (generated by tools/gen_icons.py; owner trebiluk); no third-party license,trebiluk project,generated,HUD/panels (label always visible),63fdb569d8ae
terrain.png,atlas,atlas/terrain.png,,,Contains Kenney CC0 tiles + project-original content (see per-tile rows),Kenney + trebiluk project,built,game,4b63f6d2105e
alpha.png,atlas,atlas/alpha.png,,,Contains Kenney CC0 tiles + project-original content (see per-tile rows),Kenney + trebiluk project,built,game,d1ac31ecb668
items.png,atlas,atlas/items.png,,,Contains Kenney CC0 tiles + project-original content (see per-tile rows),Kenney + trebiluk project,built,game,87cc9b8ec832
terrain.json,atlas-map,atlas/terrain.json,,,Contains Kenney CC0 tiles + project-original content (see per-tile rows),Kenney + trebiluk project,built,game,8faa5629b574
alpha.json,atlas-map,atlas/alpha.json,,,Contains Kenney CC0 tiles + project-original content (see per-tile rows),Kenney + trebiluk project,built,game,4a2f46feabf1
items.json,atlas-map,atlas/items.json,,,Contains Kenney CC0 tiles + project-original content (see per-tile rows),Kenney + trebiluk project,built,game,8cf62c9b888b
registry.json,registry,registry.json,,,Contains Kenney CC0 tiles + project-original content (see per-tile rows),Kenney + trebiluk project,built,game,43137feac7c5
bertodex-en.json,dex-text,dex/bertodex-en.json,,,Contains Kenney CC0 tiles + project-original content (see per-tile rows),Kenney + trebiluk project,built,game,e18fca43904d
lavaBlock,block-texture,,,,"n/a (planned, not drawn)",,planned,"world-3: Molten rock look; contact = bounce to safety, never death (EFFECTS/WORLDS)",
magmaPool,block-texture,,,,"n/a (planned, not drawn)",,planned,"world-3: glow edge, Motion-off = no shimmer",
meteorite,block-texture,,,,"n/a (planned, not drawn)",,planned,world-3: meteor-fall find; iron-nickel look,
iridiumOre,block-texture,,,,"n/a (planned, not drawn)",,planned,world-3: legendary; sifted from Boundary Clay,
rhodiumOre,block-texture,,,,"n/a (planned, not drawn)",,planned,world-3: very rare,
tradePost,block-texture,,,,"n/a (planned, not drawn)",,planned,world-3: Trade Post station front,
walletPanel,ui-icon,,,,"n/a (planned, not drawn)",,planned,world-3: Wallet in the Bag,
embercoreUpgrade,item-icon,,,,"n/a (planned, not drawn)",,planned,world-3: Smelter upgrade for Pt/Ti,
hangingIsleGrass,block-texture,,,,"n/a (planned, not drawn)",,planned,world-4: floating islands,
hangingIsleRock,block-texture,,,,"n/a (planned, not drawn)",,planned,world-4: floating islands underside,
cloudBlock,block-texture,,,,"n/a (planned, not drawn)",,planned,"world-4: walkable cloud, no pure white",
geologyNightRegrow,sfx,,,,"n/a (planned, not drawn)",,planned,world-3: soft regrow sparkle at Geology Night,
chasmGate,block-texture,,,,"n/a (planned, not drawn)",,planned,chasm-1: Molten Chasm entry gate,
chasmPlatform,block-texture,,,,"n/a (planned, not drawn)",,planned,chasm-1: moving platform top,
chasmCheckpoint,block-texture,,,,"n/a (planned, not drawn)",,planned,chasm-1: checkpoint flag,
chasmSting,music,,,,"n/a (planned, not drawn)",,planned,chasm-1: run start/finish stings,
circuitBoardTile,block-texture,,,,"n/a (planned, not drawn)",,planned,circuit-1: Circuit Daily board floor,
circuitGoalLamp,block-texture,,,,"n/a (planned, not drawn)",,planned,circuit-1: goal lamp off/on,
logicGateAnd,block-texture,,,,"n/a (planned, not drawn)",,planned,circuit-1: AND gate face,
logicGateOr,block-texture,,,,"n/a (planned, not drawn)",,planned,circuit-1: OR gate face,
logicGateNot,block-texture,,,,"n/a (planned, not drawn)",,planned,circuit-1: NOT gate face,
timerBlock,block-texture,,,,"n/a (planned, not drawn)",,planned,circuit-1: timer/delay block,
sensorPlate,block-texture,,,,"n/a (planned, not drawn)",,planned,circuit-1: pressure/step plate,
dailyBoard,block-texture,,,,"n/a (planned, not drawn)",,planned,daily-1: Daily Board station face,
dailyStamp,ui-icon,,,,"n/a (planned, not drawn)",,planned,daily-1: Daily stamp,
scoreBoardBlock,block-texture,,,,"n/a (planned, not drawn)",,planned,boards-1: in-world high-score board face,
medalBronze,item-icon,,,,"n/a (planned, not drawn)",,planned,boards-1: board medal,
medalSilver,item-icon,,,,"n/a (planned, not drawn)",,planned,boards-1: board medal,
medalGold,item-icon,,,,"n/a (planned, not drawn)",,planned,boards-1: board medal,
tierBadge1-7,ui-icon,,,,"n/a (planned, not drawn)",,planned,ladder-1: T1..T7 badges (7 files),
achievementFrame,ui-icon,,,,"n/a (planned, not drawn)",,planned,achieve-1: achievement card frame,
starEmpty,ui-icon,,,,"n/a (planned, not drawn)",,planned,achieve-1: star outline,
starFull,ui-icon,,,,"n/a (planned, not drawn)",,planned,achieve-1: star filled,
looksHatSet,sprite,,,,"n/a (planned, not drawn)",,planned,looks-1: 8 hats for the looks shop (cosmetic only),
looksTrailSet,sprite,,,,"n/a (planned, not drawn)",,planned,looks-1: 6 gentle trails; Motion-off = none,
looksSkinTints,sprite,,,,"n/a (planned, not drawn)",,planned,looks-1: player tint palette,
looksBotPaint,sprite,,,,"n/a (planned, not drawn)",,planned,looks-1: bot paint jobs,
effectRingTimer,ui-icon,,,,"n/a (planned, not drawn)",,planned,effects-1: timer ring around effect icon,
stoneSkinVial,item-icon,,,,"n/a (planned, not drawn)",,planned,effects-2: tier II effect,
featherFallVial,item-icon,,,,"n/a (planned, not drawn)",,planned,effects-2: tier II,
nightEyeVial,item-icon,,,,"n/a (planned, not drawn)",,planned,effects-2: tier II,
magnetBoots,item-icon,,,,"n/a (planned, not drawn)",,planned,effects-2: tier II,
jetPackLite,item-icon,,,,"n/a (planned, not drawn)",,planned,"effects-3: tier III, timed glide",
shrinkRay,item-icon,,,,"n/a (planned, not drawn)",,planned,"effects-3: tier III, looks only",
crewShield,item-icon,,,,"n/a (planned, not drawn)",,planned,effects-3: tier III,
effectParticles,sprite,,,,"n/a (planned, not drawn)",,planned,"effects-1: soft sparkle sheet, no flash",
djBertyLinkDisc,item-icon,,,,"n/a (planned, not drawn)",,planned,"music-2: disc that plays a DJ Berty song via link (mixes stay in DJ Berty, not this pack)",
xylophone,block-texture,,,,"n/a (planned, not drawn)",,planned,music-2: instrument,
harp,block-texture,,,,"n/a (planned, not drawn)",,planned,music-2: instrument,
inst_harp,sfx,,,,"n/a (planned, not drawn)",,planned,music-2: C4 sample,
inst_xylo,sfx,,,,"n/a (planned, not drawn)",,planned,music-2: C4 sample,
winterLightsPattern,block-texture,,,,"n/a (planned, not drawn)",,planned,"holidays-2: twinkle frames (4), slow, no flash",
icicleDeco,block-texture,,,,"n/a (planned, not drawn)",,planned,holidays-2: decor,
snowGlobe,block-texture,,,,"n/a (planned, not drawn)",,planned,holidays-2: decor,
lanternFestival,block-texture,,,,"n/a (planned, not drawn)",,planned,holidays-3: paper lantern deco (name pending Curriculum),
springBlossom,block-texture,,,,"n/a (planned, not drawn)",,planned,holidays-3: blossom leaves,
heartGarland,block-texture,,,,"n/a (planned, not drawn)",,planned,holidays-3: decor,
newYearBanner,block-texture,,,,"n/a (planned, not drawn)",,planned,holidays-3: decor,
carvePanelStencils,ui-icon,,,,"n/a (planned, not drawn)",,planned,holidays-1: 8 starter face stencils for the carve panel,
sofa,block-texture,,,,"n/a (planned, not drawn)",,planned,furniture-2: 2-wide seat,
bed,block-texture,,,,"n/a (planned, not drawn)",,planned,furniture-2: bed = Bunk look variant,
lamp,block-texture,,,,"n/a (planned, not drawn)",,planned,furniture-2: floor lamp on power rules,
rug,block-texture,,,,"n/a (planned, not drawn)",,planned,furniture-2: flat rug 4 colours,
pictureFrame,block-texture,,,,"n/a (planned, not drawn)",,planned,furniture-2: shows a Bertodex picture,
plantPot,block-texture,,,,"n/a (planned, not drawn)",,planned,furniture-2: holds a flower,
trussBlock,block-texture,,,,"n/a (planned, not drawn)",,planned,ladder-2: steel truss,
cableStay,block-texture,,,,"n/a (planned, not drawn)",,planned,ladder-2: wire rope span,
archStone,block-texture,,,,"n/a (planned, not drawn)",,planned,ladder-2: keystone arch piece,
solarRoof,block-texture,,,,"n/a (planned, not drawn)",,planned,ladder-2: solar roof tile,
stressOverlay,sprite,,,,"n/a (planned, not drawn)",,planned,ladder-2: load colours with pattern (never colour-only),
critterAnimFrames,sprite,,,,"n/a (planned, not drawn)",,planned,"effects-1: 2-frame idle per critter, Motion-off = still",
